"../../../Engine/Plugins/2D/Paper2D/Content/PlaceholderTextures/DummySpriteTexture.ubulk" 0
"../../../Engine/Plugins/2D/Paper2D/Content/PlaceholderTextures/DummySpriteTexture.uasset" 1
"../../../Engine/Plugins/2D/Paper2D/Content/PlaceholderTextures/DummySpriteTexture.uexp" 2
"../../../Engine/Plugins/2D/Paper2D/Content/DummySprite.uasset" 3
"../../../Engine/Plugins/2D/Paper2D/Content/DummySprite.uexp" 4
"../../../Engine/Plugins/2D/Paper2D/Content/DefaultPaperTerrainMaterial.uasset" 5
"../../../Engine/Plugins/2D/Paper2D/Content/DefaultPaperTerrainMaterial.uexp" 6
"../../../Engine/Content/EngineFonts/Faces/DroidSansFallback.uexp" 7
"../../../Engine/Content/EngineFonts/Faces/DroidSansFallback.uasset" 8
"../../../Engine/Content/EngineFonts/Faces/DroidSansFallback.ufont" 9
"../../../Engine/Content/EngineFonts/Faces/RobotoBold.uexp" 10
"../../../Engine/Content/EngineFonts/Faces/RobotoBold.uasset" 11
"../../../Engine/Content/EngineFonts/Faces/RobotoBold.ufont" 12
"../../../Engine/Content/EngineFonts/Faces/RobotoBoldItalic.uexp" 13
"../../../Engine/Content/EngineFonts/Faces/RobotoBoldItalic.uasset" 14
"../../../Engine/Content/EngineFonts/Faces/RobotoBoldItalic.ufont" 15
"../../../Engine/Content/EngineFonts/Faces/RobotoItalic.uexp" 16
"../../../Engine/Content/EngineFonts/Faces/RobotoItalic.uasset" 17
"../../../Engine/Content/EngineFonts/Faces/RobotoItalic.ufont" 18
"../../../Engine/Content/EngineFonts/Faces/RobotoLight.uexp" 19
"../../../Engine/Content/EngineFonts/Faces/RobotoLight.uasset" 20
"../../../Engine/Content/EngineFonts/Faces/RobotoLight.ufont" 21
"../../../Engine/Content/EngineFonts/Faces/RobotoRegular.uexp" 22
"../../../Engine/Content/EngineFonts/Faces/RobotoRegular.uasset" 23
"../../../Engine/Content/EngineFonts/Faces/RobotoRegular.ufont" 24
"../../../Engine/Content/EngineFonts/Roboto.uasset" 25
"../../../Engine/Content/EngineFonts/Roboto.uexp" 26
"../../../Engine/Content/EngineMaterials/DefaultDestructiblePhysicalMaterial.uasset" 27
"../../../Engine/Content/EngineMaterials/DefaultDestructiblePhysicalMaterial.uexp" 28
"../../../Engine/Content/EngineSounds/Master.uasset" 29
"../../../Engine/Content/EngineSounds/Master.uexp" 30
"../../../Engine/Plugins/Interchange/Assets/Content/Functions/MX_SubsurfaceBSDF.uasset" 31
"../../../Engine/Plugins/Interchange/Assets/Content/Functions/MX_SubsurfaceBSDF.uexp" 32
"../../../Engine/Content/Functions/Engine_MaterialFunctions02/Utility/VectorLength.uasset" 33
"../../../Engine/Content/Functions/Engine_MaterialFunctions02/Utility/VectorLength.uexp" 34
"../../../Engine/Content/Functions/Engine_MaterialFunctions02/WorldPositionOffset/ObjectScale.uasset" 35
"../../../Engine/Content/Functions/Engine_MaterialFunctions02/WorldPositionOffset/ObjectScale.uexp" 36
"../../../Engine/Content/Functions/Engine_MaterialFunctions02/Utility/BreakOutFloat3Components.uasset" 37
"../../../Engine/Content/Functions/Engine_MaterialFunctions02/Utility/BreakOutFloat3Components.uexp" 38
"../../../Engine/Plugins/Editor/SpeedTreeImporter/Content/SpeedTree9/Empty.uasset" 39
"../../../Engine/Plugins/Editor/SpeedTreeImporter/Content/SpeedTree9/Empty.uexp" 40
"../../../Engine/Plugins/Editor/SpeedTreeImporter/Content/SpeedTree9/EmptyNormal.uasset" 41
"../../../Engine/Plugins/Editor/SpeedTreeImporter/Content/SpeedTree9/EmptyNormal.uexp" 42
"../../../Engine/Plugins/Editor/SpeedTreeImporter/Content/SpeedTree9/game_wind_noise.ubulk" 43
"../../../Engine/Plugins/Editor/SpeedTreeImporter/Content/SpeedTree9/game_wind_noise.uasset" 44
"../../../Engine/Plugins/Editor/SpeedTreeImporter/Content/SpeedTree9/game_wind_noise.uexp" 45
"../../../Engine/Content/Functions/Engine_MaterialFunctions02/SafeNormalize.uasset" 46
"../../../Engine/Content/Functions/Engine_MaterialFunctions02/SafeNormalize.uexp" 47
"../../../Engine/Plugins/Editor/SpeedTreeImporter/Content/SpeedTree9/SpeedTreeWindMotion.uasset" 48
"../../../Engine/Plugins/Editor/SpeedTreeImporter/Content/SpeedTree9/SpeedTreeWindMotion.uexp" 49
"../../../Engine/Plugins/Editor/SpeedTreeImporter/Content/SpeedTree9/UnpackDirection.uasset" 50
"../../../Engine/Plugins/Editor/SpeedTreeImporter/Content/SpeedTree9/UnpackDirection.uexp" 51
"../../../Engine/Plugins/Editor/SpeedTreeImporter/Content/SpeedTree9/UnpackInteger3.uasset" 52
"../../../Engine/Plugins/Editor/SpeedTreeImporter/Content/SpeedTree9/UnpackInteger3.uexp" 53
"../../../Engine/Plugins/Editor/SpeedTreeImporter/Content/SpeedTree9/SpeedTreeBranchMotion.uasset" 54
"../../../Engine/Plugins/Editor/SpeedTreeImporter/Content/SpeedTree9/SpeedTreeBranchMotion.uexp" 55
"../../../Engine/Content/Functions/Engine_MaterialFunctions02/ObjectLocalBounds.uasset" 56
"../../../Engine/Content/Functions/Engine_MaterialFunctions02/ObjectLocalBounds.uexp" 57
"../../../Engine/Content/Functions/Engine_MaterialFunctions02/UVs/BoundingBoxBased_0-1_UVW.uasset" 58
"../../../Engine/Content/Functions/Engine_MaterialFunctions02/UVs/BoundingBoxBased_0-1_UVW.uexp" 59
"../../../Engine/Plugins/Editor/SpeedTreeImporter/Content/SpeedTree9/SpeedTreeWind.uasset" 60
"../../../Engine/Plugins/Editor/SpeedTreeImporter/Content/SpeedTree9/SpeedTreeWind.uexp" 61
"../../../Engine/Plugins/Editor/SpeedTreeImporter/Content/SpeedTree9/SpeedTreeCameraFacing.uasset" 62
"../../../Engine/Plugins/Editor/SpeedTreeImporter/Content/SpeedTree9/SpeedTreeCameraFacing.uexp" 63
"../../../Engine/Plugins/Editor/SpeedTreeImporter/Content/SpeedTree9/SpeedTreeMaster.uasset" 64
"../../../Engine/Plugins/Editor/SpeedTreeImporter/Content/SpeedTree9/SpeedTreeMaster.uexp" 65
"../../../Engine/Plugins/Interchange/Assets/Content/Functions/MX_Surface.uasset" 66
"../../../Engine/Plugins/Interchange/Assets/Content/Functions/MX_Surface.uexp" 67
"../../../Engine/Plugins/Interchange/Assets/Content/Functions/MX_SurfaceUnlit.uasset" 68
"../../../Engine/Plugins/Interchange/Assets/Content/Functions/MX_SurfaceUnlit.uexp" 69
"../../../Engine/Plugins/Interchange/Assets/Content/Substrate/MX_SimpleVolume.uasset" 70
"../../../Engine/Plugins/Interchange/Assets/Content/Substrate/MX_SimpleVolume.uexp" 71
"../../../Engine/Plugins/Interchange/Assets/Content/Functions/MX_TranslucentBSDF.uasset" 72
"../../../Engine/Plugins/Interchange/Assets/Content/Functions/MX_TranslucentBSDF.uexp" 73
"../../../Engine/Content/EditorLandscapeResources/DefaultAlphaTexture.uasset" 74
"../../../Engine/Content/EditorLandscapeResources/DefaultAlphaTexture.uexp" 75
"../../../Engine/Content/Functions/Engine_MaterialFunctions03/Math/WithinRangeFloat2.uasset" 76
"../../../Engine/Content/Functions/Engine_MaterialFunctions03/Math/WithinRangeFloat2.uexp" 77
"../../../Engine/Content/EditorLandscapeResources/WhiteSquareTexture.uasset" 78
"../../../Engine/Content/EditorLandscapeResources/WhiteSquareTexture.uexp" 79
"../../../Engine/Content/EditorLandscapeResources/SelectBrushMaterial.uasset" 80
"../../../Engine/Content/EditorLandscapeResources/SelectBrushMaterial.uexp" 81
"../../../Engine/Content/EditorLandscapeResources/SelectBrushMaterial_Selected.uasset" 82
"../../../Engine/Content/EditorLandscapeResources/SelectBrushMaterial_Selected.uexp" 83
"../../../Engine/Content/EditorLandscapeResources/SelectBrushMaterial_SelectedRegion.uasset" 84
"../../../Engine/Content/EditorLandscapeResources/SelectBrushMaterial_SelectedRegion.uexp" 85
"../../../Engine/Content/EngineSky/M_SimpleSkyDome.uasset" 86
"../../../Engine/Content/EngineSky/M_SimpleSkyDome.uexp" 87
"../../../Engine/Content/EditorLandscapeResources/SplineEditorMeshMat.uasset" 88
"../../../Engine/Content/EditorLandscapeResources/SplineEditorMeshMat.uexp" 89
"../../../Engine/Content/EditorLandscapeResources/SplineEditorMesh.ubulk" 90
"../../../Engine/Content/EditorLandscapeResources/SplineEditorMesh.uasset" 91
"../../../Engine/Content/EditorLandscapeResources/SplineEditorMesh.uexp" 92
"../../../Engine/Content/EngineSky/T_Sky_Blue.ubulk" 93
"../../../Engine/Content/EngineSky/T_Sky_Blue.uasset" 94
"../../../Engine/Content/EngineSky/T_Sky_Blue.uexp" 95
"../../../Engine/Content/EngineSky/T_Sky_Clouds_M.ubulk" 96
"../../../Engine/Content/EngineSky/T_Sky_Clouds_M.uasset" 97
"../../../Engine/Content/EngineSky/T_Sky_Clouds_M.uexp" 98
"../../../Engine/Content/EngineSky/T_Sky_Stars.ubulk" 99
"../../../Engine/Content/EngineSky/T_Sky_Stars.uasset" 100
"../../../Engine/Content/EngineSky/T_Sky_Stars.uexp" 101
"../../../Engine/Content/EngineSky/M_Sky_Panning_Clouds2.uasset" 102
"../../../Engine/Content/EngineSky/M_Sky_Panning_Clouds2.uexp" 103
"../../../Engine/Content/EngineSky/SM_SkySphere.ubulk" 104
"../../../Engine/Content/EngineSky/SM_SkySphere.uasset" 105
"../../../Engine/Content/EngineSky/SM_SkySphere.uexp" 106
"../../../Engine/Plugins/Interchange/Assets/Content/Functions/MX_UniformEDF.uasset" 107
"../../../Engine/Plugins/Interchange/Assets/Content/Functions/MX_UniformEDF.uexp" 108
"../../../Engine/Plugins/Interchange/Assets/Content/Functions/MX_UsdPreviewSurface.uasset" 109
"../../../Engine/Plugins/Interchange/Assets/Content/Functions/MX_UsdPreviewSurface.uexp" 110
"../../../Engine/Content/EditorResources/S_Actor.ubulk" 111
"../../../Engine/Content/EditorResources/S_Actor.uasset" 112
"../../../Engine/Content/EditorResources/S_Actor.uexp" 113
"../../../Engine/Content/EngineMaterials/T_Default_Material_Grid_M.ubulk" 114
"../../../Engine/Content/EngineMaterials/T_Default_Material_Grid_M.uasset" 115
"../../../Engine/Content/EngineMaterials/T_Default_Material_Grid_M.uexp" 116
"../../../Engine/Content/EngineMaterials/T_Default_Material_Grid_N.ubulk" 117
"../../../Engine/Content/EngineMaterials/T_Default_Material_Grid_N.uasset" 118
"../../../Engine/Content/EngineMaterials/T_Default_Material_Grid_N.uexp" 119
"../../../Engine/Content/Functions/Engine_MaterialFunctions01/Opacity/CameraDepthFade.uasset" 120
"../../../Engine/Content/Functions/Engine_MaterialFunctions01/Opacity/CameraDepthFade.uexp" 121
"../../../Engine/Content/EngineMaterials/WorldGridMaterial.uasset" 122
"../../../Engine/Content/EngineMaterials/WorldGridMaterial.uexp" 123
"../../../Engine/Plugins/Animation/ControlRig/Content/Controls/ControlRig_Hexagon_1mm.ubulk" 124
"../../../Engine/Plugins/Animation/ControlRig/Content/Controls/ControlRig_Hexagon_1mm.uasset" 125
"../../../Engine/Plugins/Animation/ControlRig/Content/Controls/ControlRig_Hexagon_1mm.uexp" 126
"../../../Engine/Content/EditorResources/S_BoxReflectionCapture.uasset" 127
"../../../Engine/Content/EditorResources/S_BoxReflectionCapture.uexp" 128
"../../../Engine/Plugins/Animation/ControlRig/Content/Controls/ControlRig_Hexagon_3mm.ubulk" 129
"../../../Engine/Plugins/Animation/ControlRig/Content/Controls/ControlRig_Hexagon_3mm.uasset" 130
"../../../Engine/Plugins/Animation/ControlRig/Content/Controls/ControlRig_Hexagon_3mm.uexp" 131
"../../../Engine/Plugins/Animation/ControlRig/Content/Controls/ControlRig_Hexagon_solid.ubulk" 132
"../../../Engine/Plugins/Animation/ControlRig/Content/Controls/ControlRig_Hexagon_solid.uasset" 133
"../../../Engine/Plugins/Animation/ControlRig/Content/Controls/ControlRig_Hexagon_solid.uexp" 134
"../../../Engine/Plugins/Interchange/Assets/Content/Functions/MX_AbsorptionVDF.uasset" 135
"../../../Engine/Plugins/Interchange/Assets/Content/Functions/MX_AbsorptionVDF.uexp" 136
"../../../Engine/Plugins/Interchange/Assets/Content/Functions/MX_AnisotropicVDF.uasset" 137
"../../../Engine/Plugins/Interchange/Assets/Content/Functions/MX_AnisotropicVDF.uexp" 138
"../../../Engine/Plugins/Interchange/Assets/Content/Functions/MX_BurleyDiffuseBSDF.uasset" 139
"../../../Engine/Plugins/Interchange/Assets/Content/Functions/MX_BurleyDiffuseBSDF.uexp" 140
"../../../Engine/Plugins/Runtime/AudioWidgets/Content/Resources/ScrubHandleDown_Clamped.uasset" 141
"../../../Engine/Plugins/Runtime/AudioWidgets/Content/Resources/ScrubHandleDown_Clamped.uexp" 142
"../../../Engine/Plugins/Interchange/Assets/Content/Functions/MX_ChiangHairBSDF.uasset" 143
"../../../Engine/Plugins/Interchange/Assets/Content/Functions/MX_ChiangHairBSDF.uexp" 144
"../../../Engine/Plugins/Animation/ControlRig/Content/Controls/ControlRig_Octagon_1mm.ubulk" 145
"../../../Engine/Plugins/Animation/ControlRig/Content/Controls/ControlRig_Octagon_1mm.uasset" 146
"../../../Engine/Plugins/Animation/ControlRig/Content/Controls/ControlRig_Octagon_1mm.uexp" 147
"../../../Engine/Plugins/Interchange/Assets/Content/Functions/MX_ConductorBSDF.uasset" 148
"../../../Engine/Plugins/Interchange/Assets/Content/Functions/MX_ConductorBSDF.uexp" 149
"../../../Engine/Plugins/Animation/ControlRig/Content/Controls/ControlRig_Octagon_3mm.ubulk" 150
"../../../Engine/Plugins/Animation/ControlRig/Content/Controls/ControlRig_Octagon_3mm.uasset" 151
"../../../Engine/Plugins/Animation/ControlRig/Content/Controls/ControlRig_Octagon_3mm.uexp" 152
"../../../Engine/Plugins/Interchange/Assets/Content/Functions/MX_ConicalEDF.uasset" 153
"../../../Engine/Plugins/Interchange/Assets/Content/Functions/MX_ConicalEDF.uexp" 154
"../../../Engine/Content/EngineMaterials/DefaultBloomKernel.uasset" 155
"../../../Engine/Content/EngineMaterials/DefaultBloomKernel.uexp" 156
"../../../Engine/Plugins/Animation/ControlRig/Content/Controls/ControlRig_Octagon_solid.ubulk" 157
"../../../Engine/Plugins/Animation/ControlRig/Content/Controls/ControlRig_Octagon_solid.uasset" 158
"../../../Engine/Plugins/Animation/ControlRig/Content/Controls/ControlRig_Octagon_solid.uexp" 159
"../../../Engine/Plugins/Interchange/Assets/Content/Functions/MX_DielectricBSDF.uasset" 160
"../../../Engine/Plugins/Interchange/Assets/Content/Functions/MX_DielectricBSDF.uexp" 161
"../../../Engine/Content/EngineMaterials/DefaultBokeh.uasset" 162
"../../../Engine/Content/EngineMaterials/DefaultBokeh.uexp" 163
"../../../Engine/Plugins/Animation/ControlRig/Content/Controls/ControlRig_Pyramid_1mm.ubulk" 164
"../../../Engine/Plugins/Animation/ControlRig/Content/Controls/ControlRig_Pyramid_1mm.uasset" 165
"../../../Engine/Plugins/Animation/ControlRig/Content/Controls/ControlRig_Pyramid_1mm.uexp" 166
"../../../Engine/Content/Functions/Engine_MaterialFunctions02/Utility/BlendAngleCorrectedNormals.uasset" 167
"../../../Engine/Content/Functions/Engine_MaterialFunctions02/Utility/BlendAngleCorrectedNormals.uexp" 168
"../../../Engine/Plugins/Interchange/Assets/Content/Functions/MX_Displacement.uasset" 169
"../../../Engine/Plugins/Interchange/Assets/Content/Functions/MX_Displacement.uexp" 170
"../../../Engine/Plugins/Interchange/Assets/Content/Functions/MX_GeneralizedSchlickBSDF.uasset" 171
"../../../Engine/Plugins/Interchange/Assets/Content/Functions/MX_GeneralizedSchlickBSDF.uexp" 172
"../../../Engine/Plugins/Animation/ControlRig/Content/Controls/ControlRig_Pyramid_3mm.ubulk" 173
"../../../Engine/Plugins/Animation/ControlRig/Content/Controls/ControlRig_Pyramid_3mm.uasset" 174
"../../../Engine/Plugins/Animation/ControlRig/Content/Controls/ControlRig_Pyramid_3mm.uexp" 175
"../../../Engine/Content/EditorMaterials/Dataflow/DataflowTwoSidedVertexMaterial.uasset" 176
"../../../Engine/Content/EditorMaterials/Dataflow/DataflowTwoSidedVertexMaterial.uexp" 177
"../../../Engine/Plugins/Animation/ControlRig/Content/Controls/ControlRig_Pyramid_solid.ubulk" 178
"../../../Engine/Plugins/Animation/ControlRig/Content/Controls/ControlRig_Pyramid_solid.uasset" 179
"../../../Engine/Plugins/Animation/ControlRig/Content/Controls/ControlRig_Pyramid_solid.uexp" 180
"../../../Engine/Content/EditorMaterials/Dataflow/DataflowVertexMaterial.uasset" 181
"../../../Engine/Content/EditorMaterials/Dataflow/DataflowVertexMaterial.uexp" 182
"../../../Engine/Plugins/Animation/ControlRig/Content/Controls/ControlRig_QuarterCircle_1mm.ubulk" 183
"../../../Engine/Plugins/Animation/ControlRig/Content/Controls/ControlRig_QuarterCircle_1mm.uasset" 184
"../../../Engine/Plugins/Animation/ControlRig/Content/Controls/ControlRig_QuarterCircle_1mm.uexp" 185
"../../../Engine/Plugins/Interchange/Assets/Content/Functions/MX_MeasuredEDF.uasset" 186
"../../../Engine/Plugins/Interchange/Assets/Content/Functions/MX_MeasuredEDF.uexp" 187
"../../../Engine/Plugins/Animation/ControlRig/Content/Controls/ControlRig_QuarterCircle_3mm.ubulk" 188
"../../../Engine/Plugins/Animation/ControlRig/Content/Controls/ControlRig_QuarterCircle_3mm.uasset" 189
"../../../Engine/Plugins/Animation/ControlRig/Content/Controls/ControlRig_QuarterCircle_3mm.uexp" 190
"../../../Engine/Plugins/2D/Paper2D/Content/DefaultSpriteMaterial.uasset" 191
"../../../Engine/Plugins/2D/Paper2D/Content/DefaultSpriteMaterial.uexp" 192
"../../../Engine/Plugins/2D/Paper2D/Content/MaskedUnlitSpriteMaterial.uasset" 193
"../../../Engine/Plugins/2D/Paper2D/Content/MaskedUnlitSpriteMaterial.uexp" 194
"../../../Engine/Plugins/Interchange/Assets/Content/Functions/MF_IridescenceNoLUT.uasset" 195
"../../../Engine/Plugins/Interchange/Assets/Content/Functions/MF_IridescenceNoLUT.uexp" 196
"../../../Engine/Plugins/Interchange/Assets/Content/Functions/MX_StandardSurface.uasset" 197
"../../../Engine/Plugins/Interchange/Assets/Content/Functions/MX_StandardSurface.uexp" 198
"../../../Engine/Plugins/Interchange/Assets/Content/Functions/MX_OpenPBR_Opaque.uasset" 199
"../../../Engine/Plugins/Interchange/Assets/Content/Functions/MX_OpenPBR_Opaque.uexp" 200
"../../../Engine/Content/EngineMaterials/DefaultDiffuse.ubulk" 201
"../../../Engine/Content/EngineMaterials/DefaultDiffuse.uasset" 202
"../../../Engine/Content/EngineMaterials/DefaultDiffuse.uexp" 203
"../../../Engine/Content/EngineMaterials/DefaultDeferredDecalMaterial.uasset" 204
"../../../Engine/Content/EngineMaterials/DefaultDeferredDecalMaterial.uexp" 205
"../../../Engine/Plugins/2D/Paper2D/Content/OpaqueUnlitSpriteMaterial.uasset" 206
"../../../Engine/Plugins/2D/Paper2D/Content/OpaqueUnlitSpriteMaterial.uexp" 207
"../../../Engine/Content/EngineMaterials/MiniFont.uasset" 208
"../../../Engine/Content/EngineMaterials/MiniFont.uexp" 209
"../../../Engine/Plugins/Interchange/Assets/Content/Functions/MX_TransmissionSurface.uasset" 210
"../../../Engine/Plugins/Interchange/Assets/Content/Functions/MX_TransmissionSurface.uexp" 211
"../../../Engine/Plugins/Interchange/Assets/Content/Functions/MX_OpenPBR_Translucent.uasset" 212
"../../../Engine/Plugins/Interchange/Assets/Content/Functions/MX_OpenPBR_Translucent.uexp" 213
"../../../Engine/Content/EditorResources/S_Solver.ubulk" 214
"../../../Engine/Content/EditorResources/S_Solver.uasset" 215
"../../../Engine/Content/EditorResources/S_Solver.uexp" 216
"../../../Engine/Content/EngineMaterials/InvalidLightmapSettings.ubulk" 217
"../../../Engine/Content/EngineMaterials/InvalidLightmapSettings.uasset" 218
"../../../Engine/Content/EngineMaterials/InvalidLightmapSettings.uexp" 219
"../../../Engine/Content/EngineMaterials/M_InvalidLightmapSettings.uasset" 220
"../../../Engine/Content/EngineMaterials/M_InvalidLightmapSettings.uexp" 221
"../../../Engine/Plugins/Interchange/Assets/Content/Functions/MX_OrenNayarBSDF.uasset" 222
"../../../Engine/Plugins/Interchange/Assets/Content/Functions/MX_OrenNayarBSDF.uexp" 223
"../../../Engine/Content/Functions/Engine_MaterialFunctions02/WorldPositionOffset/CameraOffset.uasset" 224
"../../../Engine/Content/Functions/Engine_MaterialFunctions02/WorldPositionOffset/CameraOffset.uexp" 225
"../../../Engine/Plugins/Animation/ControlRig/Content/M_Manip.uasset" 226
"../../../Engine/Plugins/Animation/ControlRig/Content/M_Manip.uexp" 227
"../../../Engine/Content/EngineMaterials/NaniteHiddenSectionMaterial.uasset" 228
"../../../Engine/Content/EngineMaterials/NaniteHiddenSectionMaterial.uexp" 229
"../../../Engine/Plugins/Runtime/HairStrands/Content/Materials/HairCardsDefaultMaterial.uasset" 230
"../../../Engine/Plugins/Runtime/HairStrands/Content/Materials/HairCardsDefaultMaterial.uexp" 231
"../../../Engine/Content/EditorResources/S_Terrain.ubulk" 232
"../../../Engine/Content/EditorResources/S_Terrain.uasset" 233
"../../../Engine/Content/EditorResources/S_Terrain.uexp" 234
"../../../Engine/Content/EngineMaterials/DefaultLightFunctionMaterial.uasset" 235
"../../../Engine/Content/EngineMaterials/DefaultLightFunctionMaterial.uexp" 236
"../../../Engine/Content/Functions/Engine_MaterialFunctions02/Utility/MakeFloat2.uasset" 237
"../../../Engine/Content/Functions/Engine_MaterialFunctions02/Utility/MakeFloat2.uexp" 238
"../../../Engine/Content/Functions/Engine_MaterialFunctions02/Utility/MakeFloat3.uasset" 239
"../../../Engine/Content/Functions/Engine_MaterialFunctions02/Utility/MakeFloat3.uexp" 240
"../../../Engine/Content/EngineMaterials/HairColorMap.uasset" 241
"../../../Engine/Content/EngineMaterials/HairColorMap.uexp" 242
"../../../Engine/Content/EngineMaterials/HairDebugColor.uasset" 243
"../../../Engine/Content/EngineMaterials/HairDebugColor.uexp" 244
"../../../Engine/Plugins/Runtime/HairStrands/Content/Materials/HairGroupColors.uasset" 245
"../../../Engine/Plugins/Runtime/HairStrands/Content/Materials/HairGroupColors.uexp" 246
"../../../Engine/Plugins/Runtime/HairStrands/Content/Materials/HairDebugMaterial.uasset" 247
"../../../Engine/Plugins/Runtime/HairStrands/Content/Materials/HairDebugMaterial.uexp" 248
"../../../Engine/Content/EditorLandscapeResources/ColorMaskBrushMaterial.uasset" 249
"../../../Engine/Content/EditorLandscapeResources/ColorMaskBrushMaterial.uexp" 250
"../../../Engine/Content/EditorLandscapeResources/ColorMaskBrushMaterial_MaskedRegion.uasset" 251
"../../../Engine/Content/EditorLandscapeResources/ColorMaskBrushMaterial_MaskedRegion.uexp" 252
"../../../Engine/Plugins/Runtime/HairStrands/Content/Materials/HairDefaultMaterial.uasset" 253
"../../../Engine/Plugins/Runtime/HairStrands/Content/Materials/HairDefaultMaterial.uexp" 254
"../../../Engine/Content/EditorResources/S_Trigger.ubulk" 255
"../../../Engine/Content/EditorResources/S_Trigger.uasset" 256
"../../../Engine/Content/EditorResources/S_Trigger.uexp" 257
"../../../Engine/Plugins/Runtime/HairStrands/Content/Materials/HairMeshesDefaultMaterial.uasset" 258
"../../../Engine/Plugins/Runtime/HairStrands/Content/Materials/HairMeshesDefaultMaterial.uexp" 259
"../../../Engine/Content/EditorResources/S_TriggerBox.uasset" 260
"../../../Engine/Content/EditorResources/S_TriggerBox.uexp" 261
"../../../Engine/Content/EditorMaterials/PhAT_NoCollisionMaterial.uasset" 262
"../../../Engine/Content/EditorMaterials/PhAT_NoCollisionMaterial.uexp" 263
"../../../Engine/Plugins/Interchange/Assets/Content/Functions/MX_SheenBSDF.uasset" 264
"../../../Engine/Plugins/Interchange/Assets/Content/Functions/MX_SheenBSDF.uexp" 265
"../../../Engine/Content/EngineDebugMaterials/DebugEditorMaterial.uasset" 266
"../../../Engine/Content/EngineDebugMaterials/DebugEditorMaterial.uexp" 267
"../../../Engine/Content/EditorResources/S_TriggerCapsule.uasset" 268
"../../../Engine/Content/EditorResources/S_TriggerCapsule.uexp" 269
"../../../Engine/Content/EditorMaterials/PhAT_UnselectedMaterial.uasset" 270
"../../../Engine/Content/EditorMaterials/PhAT_UnselectedMaterial.uexp" 271
"../../../Engine/Content/EngineMaterials/PhAT_JointLimitMaterial.uasset" 272
"../../../Engine/Content/EngineMaterials/PhAT_JointLimitMaterial.uexp" 273
"../../../Engine/Content/Functions/Engine_MaterialFunctions02/Utility/BreakOutFloat2Components.uasset" 274
"../../../Engine/Content/Functions/Engine_MaterialFunctions02/Utility/BreakOutFloat2Components.uexp" 275
"../../../Engine/Content/EngineMaterials/DefaultPostProcessMaterial.uasset" 276
"../../../Engine/Content/EngineMaterials/DefaultPostProcessMaterial.uexp" 277
"../../../Engine/Content/EditorResources/S_TriggerSphere.uasset" 278
"../../../Engine/Content/EditorResources/S_TriggerSphere.uexp" 279
"../../../Engine/Content/EngineFonts/RobotoDistanceField.uasset" 280
"../../../Engine/Content/EngineFonts/RobotoDistanceField.uexp" 281
"../../../Engine/Content/EngineMaterials/DefaultTextMaterialOpaque.uasset" 282
"../../../Engine/Content/EngineMaterials/DefaultTextMaterialOpaque.uexp" 283
"../../../Engine/Content/EngineDebugMaterials/DebugMeshMaterial.uasset" 284
"../../../Engine/Content/EngineDebugMaterials/DebugMeshMaterial.uexp" 285
"../../../Engine/Content/EditorMaterials/PreviewShadowIndicator.ubulk" 286
"../../../Engine/Content/EditorMaterials/PreviewShadowIndicator.uasset" 287
"../../../Engine/Content/EditorMaterials/PreviewShadowIndicator.uexp" 288
"../../../Engine/Content/EditorMaterials/PreviewShadowIndicatorMaterial.uasset" 289
"../../../Engine/Content/EditorMaterials/PreviewShadowIndicatorMaterial.uexp" 290
"../../../Engine/Content/EngineMaterials/DefaultCalibrationColor.uasset" 291
"../../../Engine/Content/EngineMaterials/DefaultCalibrationColor.uexp" 292
"../../../Engine/Content/EngineMaterials/PPM_DefaultCalibrationColor.uasset" 293
"../../../Engine/Content/EngineMaterials/PPM_DefaultCalibrationColor.uexp" 294
"../../../Engine/Content/EngineMaterials/DefaultCalibrationGrayscale.uasset" 295
"../../../Engine/Content/EngineMaterials/DefaultCalibrationGrayscale.uexp" 296
"../../../Engine/Content/EngineMaterials/PPM_DefaultCalibrationGrayscale.uasset" 297
"../../../Engine/Content/EngineMaterials/PPM_DefaultCalibrationGrayscale.uexp" 298
"../../../Engine/Plugins/Animation/ControlRig/Content/Controls/ControlRig_QuarterCircle_solid.ubulk" 299
"../../../Engine/Plugins/Animation/ControlRig/Content/Controls/ControlRig_QuarterCircle_solid.uasset" 300
"../../../Engine/Plugins/Animation/ControlRig/Content/Controls/ControlRig_QuarterCircle_solid.uexp" 301
"../../../Engine/Content/EditorLandscapeResources/LandscapeDirtyMaterial.uasset" 302
"../../../Engine/Content/EditorLandscapeResources/LandscapeDirtyMaterial.uexp" 303
"../../../Engine/Content/Functions/Engine_MaterialFunctions02/Utility/CameraDirectionVector.uasset" 304
"../../../Engine/Content/Functions/Engine_MaterialFunctions02/Utility/CameraDirectionVector.uexp" 305
"../../../Engine/Plugins/Experimental/MeshModelingToolsetExp/Content/Materials/GetDisplacementVectorForDepthBias.uasset" 306
"../../../Engine/Plugins/Experimental/MeshModelingToolsetExp/Content/Materials/GetDisplacementVectorForDepthBias.uexp" 307
"../../../Engine/Content/Functions/Engine_MaterialFunctions03/Viewport/MF_OrthoWidth.uasset" 308
"../../../Engine/Content/Functions/Engine_MaterialFunctions03/Viewport/MF_OrthoWidth.uexp" 309
"../../../Engine/Content/Functions/Engine_MaterialFunctions02/Utility/FOV.uasset" 310
"../../../Engine/Content/Functions/Engine_MaterialFunctions02/Utility/FOV.uexp" 311
"../../../Engine/Content/Functions/Engine_MaterialFunctions02/WorldPositionOffset/V2/ObjectScale.uasset" 312
"../../../Engine/Content/Functions/Engine_MaterialFunctions02/WorldPositionOffset/V2/ObjectScale.uexp" 313
"../../../Engine/Plugins/Experimental/MeshModelingToolsetExp/Content/Materials/PointSetOverlaidComponentMaterial.uasset" 314
"../../../Engine/Plugins/Experimental/MeshModelingToolsetExp/Content/Materials/PointSetOverlaidComponentMaterial.uexp" 315
"../../../Engine/Plugins/Animation/ControlRig/Content/Controls/ControlRig_RoundedSquare_1mm.ubulk" 316
"../../../Engine/Plugins/Animation/ControlRig/Content/Controls/ControlRig_RoundedSquare_1mm.uasset" 317
"../../../Engine/Plugins/Animation/ControlRig/Content/Controls/ControlRig_RoundedSquare_1mm.uexp" 318
"../../../Engine/Content/EngineMaterials/DefaultWhiteGrid.ubulk" 319
"../../../Engine/Content/EngineMaterials/DefaultWhiteGrid.uasset" 320
"../../../Engine/Content/EngineMaterials/DefaultWhiteGrid.uexp" 321
"../../../Engine/Content/EngineMaterials/PreintegratedSkinBRDF.uasset" 322
"../../../Engine/Content/EngineMaterials/PreintegratedSkinBRDF.uexp" 323
"../../../Engine/Plugins/Animation/ControlRig/Content/Controls/ControlRig_RoundedSquare_3mm.ubulk" 324
"../../../Engine/Plugins/Animation/ControlRig/Content/Controls/ControlRig_RoundedSquare_3mm.uasset" 325
"../../../Engine/Plugins/Animation/ControlRig/Content/Controls/ControlRig_RoundedSquare_3mm.uexp" 326
"../../../Engine/Content/EngineMaterials/DefaultWhiteGrid_Low.uasset" 327
"../../../Engine/Content/EngineMaterials/DefaultWhiteGrid_Low.uexp" 328
"../../../Engine/Content/EngineMaterials/EmissiveMeshMaterial.uasset" 329
"../../../Engine/Content/EngineMaterials/EmissiveMeshMaterial.uexp" 330
"../../../Engine/Content/Functions/Engine_MaterialFunctions01/Texturing/TextureCropping.uasset" 331
"../../../Engine/Content/Functions/Engine_MaterialFunctions01/Texturing/TextureCropping.uexp" 332
"../../../Engine/Content/Functions/Engine_MaterialFunctions02/ExampleContent/DebugNumberStrip.uasset" 333
"../../../Engine/Content/Functions/Engine_MaterialFunctions02/ExampleContent/DebugNumberStrip.uexp" 334
"../../../Engine/Content/Functions/Engine_MaterialFunctions01/Debug/DebugIntValues.uasset" 335
"../../../Engine/Content/Functions/Engine_MaterialFunctions01/Debug/DebugIntValues.uexp" 336
"../../../Engine/Content/Functions/Engine_MaterialFunctions01/Texturing/ScaleUVsByCenter.uasset" 337
"../../../Engine/Content/Functions/Engine_MaterialFunctions01/Texturing/ScaleUVsByCenter.uexp" 338
"../../../Engine/Content/Functions/Engine_MaterialFunctions02/WorldPositionOffset/LocalPosition.uasset" 339
"../../../Engine/Content/Functions/Engine_MaterialFunctions02/WorldPositionOffset/LocalPosition.uexp" 340
"../../../Engine/Content/EditorLandscapeResources/LandscapeLayerUsageMaterial.uasset" 341
"../../../Engine/Content/EditorLandscapeResources/LandscapeLayerUsageMaterial.uexp" 342
"../../../Engine/Content/EngineMaterials/FastBlueNoise_scalar_128x128x64.uasset" 343
"../../../Engine/Content/EngineMaterials/FastBlueNoise_scalar_128x128x64.uexp" 344
"../../../Engine/Content/EngineMaterials/RemoveSurfaceMaterial.uasset" 345
"../../../Engine/Content/EngineMaterials/RemoveSurfaceMaterial.uexp" 346
"../../../Engine/Content/EngineMaterials/FastBlueNoise_scalar_128x128x8.uasset" 347
"../../../Engine/Content/EngineMaterials/FastBlueNoise_scalar_128x128x8.uexp" 348
"../../../Engine/Content/EditorMaterials/ParticleSystems/PSysThumbnail_NoImage.ubulk" 349
"../../../Engine/Content/EditorMaterials/ParticleSystems/PSysThumbnail_NoImage.uasset" 350
"../../../Engine/Content/EditorMaterials/ParticleSystems/PSysThumbnail_NoImage.uexp" 351
"../../../Engine/Content/EngineMaterials/FastBlueNoise_vec2_128x128x64.uasset" 352
"../../../Engine/Content/EngineMaterials/FastBlueNoise_vec2_128x128x64.uexp" 353
"../../../Engine/Content/EditorMaterials/ParticleSystems/PSysThumbnail_OOD.ubulk" 354
"../../../Engine/Content/EditorMaterials/ParticleSystems/PSysThumbnail_OOD.uasset" 355
"../../../Engine/Content/EditorMaterials/ParticleSystems/PSysThumbnail_OOD.uexp" 356
"../../../Engine/Content/EngineMaterials/SMAAAreaTex.uasset" 357
"../../../Engine/Content/EngineMaterials/SMAAAreaTex.uexp" 358
"../../../Engine/Content/EditorLandscapeResources/LayerVisMaterial.uasset" 359
"../../../Engine/Content/EditorLandscapeResources/LayerVisMaterial.uexp" 360
"../../../Engine/Content/EngineDamageTypes/DmgTypeBP_Environmental.uasset" 361
"../../../Engine/Content/EngineDamageTypes/DmgTypeBP_Environmental.uexp" 362
"../../../Engine/Content/EngineDebugMaterials/M_SimpleUnlitTranslucent.uasset" 363
"../../../Engine/Content/EngineDebugMaterials/M_SimpleUnlitTranslucent.uexp" 364
"../../../Engine/Content/EngineDebugMaterials/VolumeToRender.uasset" 365
"../../../Engine/Content/EngineDebugMaterials/VolumeToRender.uexp" 366
"../../../Engine/Content/EngineDebugMaterials/M_VolumeRenderSphereTracePP.uasset" 367
"../../../Engine/Content/EngineDebugMaterials/M_VolumeRenderSphereTracePP.uexp" 368
"../../../Engine/Content/EditorResources/BSPVertex.uasset" 369
"../../../Engine/Content/EditorResources/BSPVertex.uexp" 370
"../../../Engine/Content/EngineMaterials/BaseFlattenDiffuseMap.uasset" 371
"../../../Engine/Content/EngineMaterials/BaseFlattenDiffuseMap.uexp" 372
"../../../Engine/Content/EngineMaterials/BaseFlattenEmissiveMap.uasset" 373
"../../../Engine/Content/EngineMaterials/BaseFlattenEmissiveMap.uexp" 374
"../../../Engine/Content/EngineMaterials/BaseFlattenGrayscaleMap.uasset" 375
"../../../Engine/Content/EngineMaterials/BaseFlattenGrayscaleMap.uexp" 376
"../../../Engine/Content/EngineMaterials/BaseFlattenLinearColor.uasset" 377
"../../../Engine/Content/EngineMaterials/BaseFlattenLinearColor.uexp" 378
"../../../Engine/Content/EngineMaterials/BaseFlattenNormalMap.uasset" 379
"../../../Engine/Content/EngineMaterials/BaseFlattenNormalMap.uexp" 380
"../../../Engine/Content/Functions/Engine_MaterialFunctions02/PivotPainter2/Black_1x1_EXR_Texture.uasset" 381
"../../../Engine/Content/Functions/Engine_MaterialFunctions02/PivotPainter2/Black_1x1_EXR_Texture.uexp" 382
"../../../Engine/Content/EngineMaterials/FlattenMaterial.uasset" 383
"../../../Engine/Content/EngineMaterials/FlattenMaterial.uexp" 384
"../../../Engine/Content/EngineMaterials/SMAASearchTex.uasset" 385
"../../../Engine/Content/EngineMaterials/SMAASearchTex.uexp" 386
"C:/Users/raywe/Documents/JamesWen_HelloXRWorld/LassoSwinger/LassoFP/Content/LevelPrototyping/Materials/M_FlatCol.uasset" 387
"C:/Users/raywe/Documents/JamesWen_HelloXRWorld/LassoSwinger/LassoFP/Content/LevelPrototyping/Materials/M_FlatCol.uexp" 388
"C:/Users/raywe/Documents/JamesWen_HelloXRWorld/LassoSwinger/LassoFP/Content/LevelPrototyping/Materials/MI_DefaultColorway.uasset" 389
"C:/Users/raywe/Documents/JamesWen_HelloXRWorld/LassoSwinger/LassoFP/Content/LevelPrototyping/Materials/MI_DefaultColorway.uexp" 390
"C:/Users/raywe/Documents/JamesWen_HelloXRWorld/LassoSwinger/LassoFP/Content/FirstPerson/MI_FirstPersonColorway.uasset" 391
"C:/Users/raywe/Documents/JamesWen_HelloXRWorld/LassoSwinger/LassoFP/Content/FirstPerson/MI_FirstPersonColorway.uexp" 392
"../../../Engine/Content/EngineMaterials/BaseFlattenDiffuseMap_VT.ubulk" 393
"../../../Engine/Content/EngineMaterials/BaseFlattenDiffuseMap_VT.uasset" 394
"../../../Engine/Content/EngineMaterials/BaseFlattenDiffuseMap_VT.uexp" 395
"../../../Engine/Content/EngineMaterials/BaseFlattenEmissiveMap_VT.ubulk" 396
"../../../Engine/Content/EngineMaterials/BaseFlattenEmissiveMap_VT.uasset" 397
"../../../Engine/Content/EngineMaterials/BaseFlattenEmissiveMap_VT.uexp" 398
"../../../Engine/Content/EngineMaterials/BaseFlattenGrayscaleMap_VT.ubulk" 399
"../../../Engine/Content/EngineMaterials/BaseFlattenGrayscaleMap_VT.uasset" 400
"../../../Engine/Content/EngineMaterials/BaseFlattenGrayscaleMap_VT.uexp" 401
"../../../Engine/Content/EngineMaterials/BaseFlattenLinearColor_VT.ubulk" 402
"../../../Engine/Content/EngineMaterials/BaseFlattenLinearColor_VT.uasset" 403
"../../../Engine/Content/EngineMaterials/BaseFlattenLinearColor_VT.uexp" 404
"../../../Engine/Content/EngineMaterials/BaseFlattenNormalMap_VT.ubulk" 405
"../../../Engine/Content/EngineMaterials/BaseFlattenNormalMap_VT.uasset" 406
"../../../Engine/Content/EngineMaterials/BaseFlattenNormalMap_VT.uexp" 407
"../../../Engine/Content/EngineMaterials/Black_1x1_EXR_Texture_VT.ubulk" 408
"../../../Engine/Content/EngineMaterials/Black_1x1_EXR_Texture_VT.uasset" 409
"../../../Engine/Content/EngineMaterials/Black_1x1_EXR_Texture_VT.uexp" 410
"../../../Engine/Content/EngineMaterials/FlattenMaterial_VT.uasset" 411
"../../../Engine/Content/EngineMaterials/FlattenMaterial_VT.uexp" 412
"../../../Engine/Content/EngineMaterials/FlattenMaterial_WS_Normal_VT.uasset" 413
"../../../Engine/Content/EngineMaterials/FlattenMaterial_WS_Normal_VT.uexp" 414
"../../../Engine/Content/EditorLandscapeResources/MaskBrushMaterial.uasset" 415
"../../../Engine/Content/EditorLandscapeResources/MaskBrushMaterial.uexp" 416
"../../../Engine/Content/EditorLandscapeResources/MaskBrushMaterial_MaskedRegion.uasset" 417
"../../../Engine/Content/EditorLandscapeResources/MaskBrushMaterial_MaskedRegion.uexp" 418
"../../../Engine/Content/EngineMaterials/GizmoMaterial.uasset" 419
"../../../Engine/Content/EngineMaterials/GizmoMaterial.uexp" 420
"../../../Engine/Content/EngineMaterials/EnergyConservation/Diffuse_Energy.uasset" 421
"../../../Engine/Content/EngineMaterials/EnergyConservation/Diffuse_Energy.uexp" 422
"../../../Engine/Plugins/Animation/ControlRig/Content/Controls/ControlRig_RoundedSquare_solid.ubulk" 423
"../../../Engine/Plugins/Animation/ControlRig/Content/Controls/ControlRig_RoundedSquare_solid.uasset" 424
"../../../Engine/Plugins/Animation/ControlRig/Content/Controls/ControlRig_RoundedSquare_solid.uexp" 425
"../../../Engine/Content/EngineMaterials/EnergyConservation/GGX_ReflectionEnergy.uasset" 426
"../../../Engine/Content/EngineMaterials/EnergyConservation/GGX_ReflectionEnergy.uexp" 427
"../../../Engine/Plugins/Media/MediaPlate/Content/SM_MediaPlateScreen.ubulk" 428
"../../../Engine/Plugins/Media/MediaPlate/Content/SM_MediaPlateScreen.uasset" 429
"../../../Engine/Plugins/Media/MediaPlate/Content/SM_MediaPlateScreen.uexp" 430
"../../../Engine/Content/EngineMaterials/EnergyConservation/GGX_TransmissionEnergyArray.uasset" 431
"../../../Engine/Content/EngineMaterials/EnergyConservation/GGX_TransmissionEnergyArray.uexp" 432
"../../../Engine/Plugins/NNE/NNEDenoiser/Content/NNEDIM_ColorAlbedoNormal_Alpha.uasset" 433
"../../../Engine/Plugins/NNE/NNEDenoiser/Content/NNEDIM_ColorAlbedoNormal_Alpha.uexp" 434
"../../../Engine/Plugins/NNE/NNEDenoiser/Content/NNEDIM_ColorAlbedoNormal_Default.uasset" 435
"../../../Engine/Plugins/NNE/NNEDenoiser/Content/NNEDIM_ColorAlbedoNormal_Default.uexp" 436
"../../../Engine/Plugins/NNE/NNEDenoiser/Content/NNEDIM_HighQuality_Alpha.uasset" 437
"../../../Engine/Plugins/NNE/NNEDenoiser/Content/NNEDIM_HighQuality_Alpha.uexp" 438
"../../../Engine/Plugins/NNE/NNEDenoiser/Content/NNEDIM_HighQuality_Default.uasset" 439
"../../../Engine/Plugins/NNE/NNEDenoiser/Content/NNEDIM_HighQuality_Default.uexp" 440
"../../../Engine/Content/EditorResources/SequenceRecorder/Countdown.uasset" 441
"../../../Engine/Content/EditorResources/SequenceRecorder/Countdown.uexp" 442
"../../../Engine/Content/EngineMaterials/EnergyConservation/SheenLegacy_Energy.uasset" 443
"../../../Engine/Content/EngineMaterials/EnergyConservation/SheenLegacy_Energy.uexp" 444
"../../../Engine/Content/EditorResources/SequenceRecorder/RecordingIndicator.uasset" 445
"../../../Engine/Content/EditorResources/SequenceRecorder/RecordingIndicator.uexp" 446
"../../../Engine/Content/EngineMaterials/EnergyConservation/Sheen_Energy.uasset" 447
"../../../Engine/Content/EngineMaterials/EnergyConservation/Sheen_Energy.uexp" 448
"../../../Engine/Content/EngineMaterials/LTC/GGX_LTCAmp.uasset" 449
"../../../Engine/Content/EngineMaterials/LTC/GGX_LTCAmp.uexp" 450
"../../../Engine/Content/EditorMaterials/Camera/CineMat.uasset" 451
"../../../Engine/Content/EditorMaterials/Camera/CineMat.uexp" 452
"../../../Engine/Content/EditorMaterials/Camera/MI_CineMat_Rig.uasset" 453
"../../../Engine/Content/EditorMaterials/Camera/MI_CineMat_Rig.uexp" 454
"../../../Engine/Content/EditorMeshes/Camera/SM_CraneRig_Arm.ubulk" 455
"../../../Engine/Content/EditorMeshes/Camera/SM_CraneRig_Arm.uasset" 456
"../../../Engine/Content/EditorMeshes/Camera/SM_CraneRig_Arm.uexp" 457
"../../../Engine/Content/EngineMaterials/LTC/GGX_LTCMat.uasset" 458
"../../../Engine/Content/EngineMaterials/LTC/GGX_LTCMat.uexp" 459
"../../../Engine/Content/EditorMeshes/Camera/SM_CraneRig_Base.ubulk" 460
"../../../Engine/Content/EditorMeshes/Camera/SM_CraneRig_Base.uasset" 461
"../../../Engine/Content/EditorMeshes/Camera/SM_CraneRig_Base.uexp" 462
"../../../Engine/Content/EngineMaterials/LTC/Sheen_LTC.uasset" 463
"../../../Engine/Content/EngineMaterials/LTC/Sheen_LTC.uexp" 464
"../../../Engine/Content/EngineMaterials/WeightMapPlaceholderTexture.uasset" 465
"../../../Engine/Content/EngineMaterials/WeightMapPlaceholderTexture.uexp" 466
"../../../Engine/Content/EngineMaterials/WeightMapArrayPlaceholderTexture.uasset" 467
"../../../Engine/Content/EngineMaterials/WeightMapArrayPlaceholderTexture.uexp" 468
"../../../Engine/Plugins/Animation/DeformerGraph/Content/DeformerFunctions/DG_Function_LinearBlendSkin_Morph_Cloth.uasset" 469
"../../../Engine/Plugins/Animation/DeformerGraph/Content/DeformerFunctions/DG_Function_LinearBlendSkin_Morph_Cloth.uexp" 470
"../../../Engine/Plugins/Animation/DeformerGraph/Content/Deformers/DG_LinearBlendSkin_Morph_Cloth.uasset" 471
"../../../Engine/Plugins/Animation/DeformerGraph/Content/Deformers/DG_LinearBlendSkin_Morph_Cloth.uexp" 472
"../../../Engine/Content/EditorMeshes/Camera/SM_CraneRig_Body.ubulk" 473
"../../../Engine/Content/EditorMeshes/Camera/SM_CraneRig_Body.uasset" 474
"../../../Engine/Content/EditorMeshes/Camera/SM_CraneRig_Body.uexp" 475
"../../../Engine/Content/EngineResources/WhiteSquareTexture.uasset" 476
"../../../Engine/Content/EngineResources/WhiteSquareTexture.uexp" 477
"../../../Engine/Content/EngineMaterials/Widget3DPassThrough.uasset" 478
"../../../Engine/Content/EngineMaterials/Widget3DPassThrough.uexp" 479
"../../../Engine/Content/EngineMaterials/Widget3DPassThrough_Masked.uasset" 480
"../../../Engine/Content/EngineMaterials/Widget3DPassThrough_Masked.uexp" 481
"../../../Engine/Plugins/Animation/DeformerGraph/Content/DeformerFunctions/DG_Function_ComputeNormalsTangents.uasset" 482
"../../../Engine/Plugins/Animation/DeformerGraph/Content/DeformerFunctions/DG_Function_ComputeNormalsTangents.uexp" 483
"../../../Engine/Plugins/Animation/DeformerGraph/Content/DeformerFunctions/DG_Function_LinearBlendSkin_Morph_Cloth_PositionOnly.uasset" 484
"../../../Engine/Plugins/Animation/DeformerGraph/Content/DeformerFunctions/DG_Function_LinearBlendSkin_Morph_Cloth_PositionOnly.uexp" 485
"../../../Engine/Plugins/Animation/DeformerGraph/Content/Deformers/DG_LinearBlendSkin_Morph_Cloth_RecomputeNormals.uasset" 486
"../../../Engine/Plugins/Animation/DeformerGraph/Content/Deformers/DG_LinearBlendSkin_Morph_Cloth_RecomputeNormals.uexp" 487
"../../../Engine/Content/EditorMeshes/Camera/SM_CraneRig_Mount.ubulk" 488
"../../../Engine/Content/EditorMeshes/Camera/SM_CraneRig_Mount.uasset" 489
"../../../Engine/Content/EditorMeshes/Camera/SM_CraneRig_Mount.uexp" 490
"../../../Engine/Content/EngineMaterials/Widget3DPassThrough_Opaque.uasset" 491
"../../../Engine/Content/EngineMaterials/Widget3DPassThrough_Opaque.uexp" 492
"../../../Engine/Content/EngineMaterials/Widget3DPassThrough_Masked_OneSided.uasset" 493
"../../../Engine/Content/EngineMaterials/Widget3DPassThrough_Masked_OneSided.uexp" 494
"../../../Engine/Content/EditorMeshes/Camera/SM_RailRig_Mount.ubulk" 495
"../../../Engine/Content/EditorMeshes/Camera/SM_RailRig_Mount.uasset" 496
"../../../Engine/Content/EditorMeshes/Camera/SM_RailRig_Mount.uexp" 497
"../../../Engine/Content/EngineMaterials/Widget3DPassThrough_Opaque_OneSided.uasset" 498
"../../../Engine/Content/EngineMaterials/Widget3DPassThrough_Opaque_OneSided.uexp" 499
"../../../Engine/Content/EngineMaterials/Widget3DPassThrough_Translucent.uasset" 500
"../../../Engine/Content/EngineMaterials/Widget3DPassThrough_Translucent.uexp" 501
"../../../Engine/Content/EngineMaterials/Widget3DPassThrough_Translucent_OneSided.uasset" 502
"../../../Engine/Content/EngineMaterials/Widget3DPassThrough_Translucent_OneSided.uexp" 503
"../../../Engine/Content/EditorMeshes/Camera/SM_RailRig_Track.ubulk" 504
"../../../Engine/Content/EditorMeshes/Camera/SM_RailRig_Track.uasset" 505
"../../../Engine/Content/EditorMeshes/Camera/SM_RailRig_Track.uexp" 506
"../../../Engine/Plugins/Animation/ControlRig/Content/Controls/ControlRig_RoundedTriangle_1mm.ubulk" 507
"../../../Engine/Plugins/Animation/ControlRig/Content/Controls/ControlRig_RoundedTriangle_1mm.uasset" 508
"../../../Engine/Plugins/Animation/ControlRig/Content/Controls/ControlRig_RoundedTriangle_1mm.uexp" 509
"../../../Engine/Content/EngineResources/Development/ZenLogo_64.uasset" 510
"../../../Engine/Content/EngineResources/Development/ZenLogo_64.uexp" 511
"../../../Engine/Content/VREditor/LaserPointer/VR_LaserPower_01.ubulk" 512
"../../../Engine/Content/VREditor/LaserPointer/VR_LaserPower_01.uasset" 513
"../../../Engine/Content/VREditor/LaserPointer/VR_LaserPower_01.uexp" 514
"../../../Engine/Content/VREditor/TransformGizmo/TransformGizmoMaterial.uasset" 515
"../../../Engine/Content/VREditor/TransformGizmo/TransformGizmoMaterial.uexp" 516
"../../../Engine/Content/VREditor/TransformGizmo/TranslucentTransformGizmoMaterial.uasset" 517
"../../../Engine/Content/VREditor/TransformGizmo/TranslucentTransformGizmoMaterial.uexp" 518
"../../../Engine/Content/VREditor/TransformGizmo/BoundingBoxCorner.ubulk" 519
"../../../Engine/Content/VREditor/TransformGizmo/BoundingBoxCorner.uasset" 520
"../../../Engine/Content/VREditor/TransformGizmo/BoundingBoxCorner.uexp" 521
"../../../Engine/Plugins/Animation/ControlRig/Content/Controls/ControlRig_RoundedTriangle_3mm.ubulk" 522
"../../../Engine/Plugins/Animation/ControlRig/Content/Controls/ControlRig_RoundedTriangle_3mm.uasset" 523
"../../../Engine/Plugins/Animation/ControlRig/Content/Controls/ControlRig_RoundedTriangle_3mm.uexp" 524
"../../../Engine/Content/EngineResources/FilmGrains/Marcie_Grain_v3_128_M2_000.uasset" 525
"../../../Engine/Content/EngineResources/FilmGrains/Marcie_Grain_v3_128_M2_000.uexp" 526
"../../../Engine/Content/VREditor/TransformGizmo/BoundingBoxEdge.ubulk" 527
"../../../Engine/Content/VREditor/TransformGizmo/BoundingBoxEdge.uasset" 528
"../../../Engine/Content/VREditor/TransformGizmo/BoundingBoxEdge.uexp" 529
"../../../Engine/Content/Functions/Engine_MaterialFunctions02/Utility/BreakOutFloat4Components.uasset" 530
"../../../Engine/Content/Functions/Engine_MaterialFunctions02/Utility/BreakOutFloat4Components.uexp" 531
"../../../Engine/Content/Functions/Engine_MaterialFunctions02/Utility/MakeFloat4.uasset" 532
"../../../Engine/Content/Functions/Engine_MaterialFunctions02/Utility/MakeFloat4.uexp" 533
"../../../Engine/Content/EngineResources/DefaultVolumeTexture2D.uasset" 534
"../../../Engine/Content/EngineResources/DefaultVolumeTexture2D.uexp" 535
"../../../Engine/Content/EngineResources/DefaultVolumeTexture.uasset" 536
"../../../Engine/Content/EngineResources/DefaultVolumeTexture.uexp" 537
"../../../Engine/Content/EngineSky/VolumetricClouds/VT_Lightning.uasset" 538
"../../../Engine/Content/EngineSky/VolumetricClouds/VT_Lightning.uexp" 539
"../../../Engine/Content/Functions/Engine_MaterialFunctions01/Units/Km-to-Cm.uasset" 540
"../../../Engine/Content/Functions/Engine_MaterialFunctions01/Units/Km-to-Cm.uexp" 541
"../../../Engine/Content/EngineSky/VolumetricClouds/m_SimpleVolumetricCloud.uasset" 542
"../../../Engine/Content/EngineSky/VolumetricClouds/m_SimpleVolumetricCloud.uexp" 543
"../../../Engine/Content/EngineSky/VolumetricClouds/T_CloudMask.ubulk" 544
"../../../Engine/Content/EngineSky/VolumetricClouds/T_CloudMask.uasset" 545
"../../../Engine/Content/EngineSky/VolumetricClouds/T_CloudMask.uexp" 546
"../../../Engine/Content/EngineSky/VolumetricClouds/T_CloudPattern.ubulk" 547
"../../../Engine/Content/EngineSky/VolumetricClouds/T_CloudPattern.uasset" 548
"../../../Engine/Content/EngineSky/VolumetricClouds/T_CloudPattern.uexp" 549
"../../../Engine/Content/EngineSky/VolumetricClouds/T_Profile_08.ubulk" 550
"../../../Engine/Content/EngineSky/VolumetricClouds/T_Profile_08.uasset" 551
"../../../Engine/Content/EngineSky/VolumetricClouds/T_Profile_08.uexp" 552
"../../../Engine/Content/EngineSky/VolumetricClouds/VT_PerlinWorley_Balanced.uasset" 553
"../../../Engine/Content/EngineSky/VolumetricClouds/VT_PerlinWorley_Balanced.uexp" 554
"../../../Engine/Content/EngineSky/VolumetricClouds/m_SimpleVolumetricCloud_Inst.uasset" 555
"../../../Engine/Content/EngineSky/VolumetricClouds/m_SimpleVolumetricCloud_Inst.uexp" 556
"../../../Engine/Content/EngineMeshes/Sphere.ubulk" 557
"../../../Engine/Content/EngineMeshes/Sphere.uasset" 558
"../../../Engine/Content/EngineMeshes/Sphere.uexp" 559
"../../../Engine/Plugins/Editor/SpeedTreeImporter/Content/SpeedTree9/SpeedTreeBillboard.uasset" 560
"../../../Engine/Plugins/Editor/SpeedTreeImporter/Content/SpeedTree9/SpeedTreeBillboard.uexp" 561
"../../../Engine/Plugins/Editor/SpeedTreeImporter/Content/SpeedTree9/SpeedTreeBillboardMaster.uasset" 562
"../../../Engine/Plugins/Editor/SpeedTreeImporter/Content/SpeedTree9/SpeedTreeBillboardMaster.uexp" 563
"../../../Engine/Content/EngineResources/Black.uasset" 564
"../../../Engine/Content/EngineResources/Black.uexp" 565
"../../../Engine/Content/EngineResources/DefaultTexture.ubulk" 566
"../../../Engine/Content/EngineResources/DefaultTexture.uasset" 567
"../../../Engine/Content/EngineResources/DefaultTexture.uexp" 568
"../../../Engine/Content/EngineResources/DefaultTextureCube.uasset" 569
"../../../Engine/Content/EngineResources/DefaultTextureCube.uexp" 570
"../../../Engine/Content/Functions/Engine_MaterialFunctions01/Texturing/FlattenNormal.uasset" 571
"../../../Engine/Content/Functions/Engine_MaterialFunctions01/Texturing/FlattenNormal.uexp" 572
"../../../Engine/Content/Functions/Engine_MaterialFunctions02/Math/Transform3x3Matrix.uasset" 573
"../../../Engine/Content/Functions/Engine_MaterialFunctions02/Math/Transform3x3Matrix.uexp" 574
"../../../Engine/Plugins/Interchange/Assets/Content/Utilities/New_LUT.uasset" 575
"../../../Engine/Plugins/Interchange/Assets/Content/Utilities/New_LUT.uexp" 576
"../../../Engine/Content/Functions/Engine_MaterialFunctions03/Math/RemapValueRange.uasset" 577
"../../../Engine/Content/Functions/Engine_MaterialFunctions03/Math/RemapValueRange.uexp" 578
"../../../Engine/Plugins/Interchange/Assets/Content/Functions/MF_Iridescence.uasset" 579
"../../../Engine/Plugins/Interchange/Assets/Content/Functions/MF_Iridescence.uexp" 580
"../../../Engine/Plugins/Interchange/Assets/Content/gltf/Textures/T_White_srgb.uasset" 581
"../../../Engine/Plugins/Interchange/Assets/Content/gltf/Textures/T_White_srgb.uexp" 582
"../../../Engine/Plugins/Interchange/Assets/Content/gltf/MaterialFunctions/MF_BaseColor.uasset" 583
"../../../Engine/Plugins/Interchange/Assets/Content/gltf/MaterialFunctions/MF_BaseColor.uexp" 584
"../../../Engine/Plugins/Interchange/Assets/Content/gltf/MaterialFunctions/MF_RotateNormals_TS.uasset" 585
"../../../Engine/Plugins/Interchange/Assets/Content/gltf/MaterialFunctions/MF_RotateNormals_TS.uexp" 586
"../../../Engine/Plugins/Interchange/Assets/Content/gltf/Textures/T_Generic_N.uasset" 587
"../../../Engine/Plugins/Interchange/Assets/Content/gltf/Textures/T_Generic_N.uexp" 588
"../../../Engine/Plugins/Interchange/Assets/Content/gltf/Textures/T_White_Linear.uasset" 589
"../../../Engine/Plugins/Interchange/Assets/Content/gltf/Textures/T_White_Linear.uexp" 590
"../../../Engine/Plugins/Interchange/Assets/Content/gltf/MaterialFunctions/MF_Clearcoat.uasset" 591
"../../../Engine/Plugins/Interchange/Assets/Content/gltf/MaterialFunctions/MF_Clearcoat.uexp" 592
"../../../Engine/Plugins/Interchange/Assets/Content/gltf/MaterialFunctions/MF_Emissive.uasset" 593
"../../../Engine/Plugins/Interchange/Assets/Content/gltf/MaterialFunctions/MF_Emissive.uexp" 594
"../../../Engine/Plugins/Interchange/Assets/Content/gltf/MaterialFunctions/MF_IOR.uasset" 595
"../../../Engine/Plugins/Interchange/Assets/Content/gltf/MaterialFunctions/MF_IOR.uexp" 596
"../../../Engine/Plugins/Interchange/Assets/Content/gltf/MaterialFunctions/MF_Iridescence.uasset" 597
"../../../Engine/Plugins/Interchange/Assets/Content/gltf/MaterialFunctions/MF_Iridescence.uexp" 598
"../../../Engine/Plugins/Interchange/Assets/Content/gltf/MaterialFunctions/MF_MetallicRoughness.uasset" 599
"../../../Engine/Plugins/Interchange/Assets/Content/gltf/MaterialFunctions/MF_MetallicRoughness.uexp" 600
"../../../Engine/Plugins/Interchange/Assets/Content/gltf/MaterialFunctions/MF_ScaleNormal.uasset" 601
"../../../Engine/Plugins/Interchange/Assets/Content/gltf/MaterialFunctions/MF_ScaleNormal.uexp" 602
"../../../Engine/Plugins/Interchange/Assets/Content/gltf/MaterialFunctions/MF_Normals.uasset" 603
"../../../Engine/Plugins/Interchange/Assets/Content/gltf/MaterialFunctions/MF_Normals.uexp" 604
"../../../Engine/Plugins/Interchange/Assets/Content/gltf/MaterialFunctions/MF_Occlusion.uasset" 605
"../../../Engine/Plugins/Interchange/Assets/Content/gltf/MaterialFunctions/MF_Occlusion.uexp" 606
"../../../Engine/Plugins/Interchange/Assets/Content/gltf/MaterialFunctions/MF_Specular.uasset" 607
"../../../Engine/Plugins/Interchange/Assets/Content/gltf/MaterialFunctions/MF_Specular.uexp" 608
"../../../Engine/Plugins/Interchange/Assets/Content/gltf/Textures/T_Anisotropy_Direction_Linear.uasset" 609
"../../../Engine/Plugins/Interchange/Assets/Content/gltf/Textures/T_Anisotropy_Direction_Linear.uexp" 610
"../../../Engine/Plugins/Interchange/Assets/Content/gltf/MaterialFunctions/MF_SpecularAnisotropy.uasset" 611
"../../../Engine/Plugins/Interchange/Assets/Content/gltf/MaterialFunctions/MF_SpecularAnisotropy.uexp" 612
"../../../Engine/Plugins/Interchange/Assets/Content/gltf/MaterialFunctions/MF_RotateV2.uasset" 613
"../../../Engine/Plugins/Interchange/Assets/Content/gltf/MaterialFunctions/MF_RotateV2.uexp" 614
"../../../Engine/Plugins/Interchange/Assets/Content/gltf/MaterialFunctions/MF_TransformUVs.uasset" 615
"../../../Engine/Plugins/Interchange/Assets/Content/gltf/MaterialFunctions/MF_TransformUVs.uexp" 616
"../../../Engine/Plugins/Interchange/Assets/Content/gltf/MaterialBodies/MF_ClearCoat_Body.uasset" 617
"../../../Engine/Plugins/Interchange/Assets/Content/gltf/MaterialBodies/MF_ClearCoat_Body.uexp" 618
"../../../Engine/Plugins/Interchange/Assets/Content/gltf/M_ClearCoat.uasset" 619
"../../../Engine/Plugins/Interchange/Assets/Content/gltf/M_ClearCoat.uexp" 620
"../../../Engine/Plugins/Interchange/Assets/Content/gltf/MaterialInstances/MI_ClearCoat_Blend.uasset" 621
"../../../Engine/Plugins/Interchange/Assets/Content/gltf/MaterialInstances/MI_ClearCoat_Blend.uexp" 622
"../../../Engine/Plugins/NNE/NNEDenoiser/Content/NNEDOM_Output_Alpha.uasset" 623
"../../../Engine/Plugins/NNE/NNEDenoiser/Content/NNEDOM_Output_Alpha.uexp" 624
"../../../Engine/Plugins/NNE/NNEDenoiser/Content/NNEDOM_Output_Default.uasset" 625
"../../../Engine/Plugins/NNE/NNEDenoiser/Content/NNEDOM_Output_Default.uexp" 626
"../../../Engine/Plugins/Interchange/Assets/Content/gltf/MaterialInstances/MI_ClearCoat_Blend_DS.uasset" 627
"../../../Engine/Plugins/Interchange/Assets/Content/gltf/MaterialInstances/MI_ClearCoat_Blend_DS.uexp" 628
"../../../Engine/Plugins/NNE/NNEDenoiser/Content/NNEDTIM_ColorAlbedoNormal_Alpha.uasset" 629
"../../../Engine/Plugins/NNE/NNEDenoiser/Content/NNEDTIM_ColorAlbedoNormal_Alpha.uexp" 630
"../../../Engine/Plugins/NNE/NNEDenoiser/Content/NNEDTIM_ColorAlbedoNormal_Default.uasset" 631
"../../../Engine/Plugins/NNE/NNEDenoiser/Content/NNEDTIM_ColorAlbedoNormal_Default.uexp" 632
"../../../Engine/Plugins/Interchange/Assets/Content/gltf/MaterialInstances/MI_ClearCoat_Mask.uasset" 633
"../../../Engine/Plugins/Interchange/Assets/Content/gltf/MaterialInstances/MI_ClearCoat_Mask.uexp" 634
"../../../Engine/Plugins/NNE/NNEDenoiser/Content/NNEDTOM_Output_Alpha.uasset" 635
"../../../Engine/Plugins/NNE/NNEDenoiser/Content/NNEDTOM_Output_Alpha.uexp" 636
"../../../Engine/Plugins/Interchange/Assets/Content/gltf/MaterialInstances/MI_ClearCoat_Mask_DS.uasset" 637
"../../../Engine/Plugins/Interchange/Assets/Content/gltf/MaterialInstances/MI_ClearCoat_Mask_DS.uexp" 638
"../../../Engine/Plugins/Interchange/Assets/Content/gltf/MaterialInstances/MI_ClearCoat_Opaque.uasset" 639
"../../../Engine/Plugins/Interchange/Assets/Content/gltf/MaterialInstances/MI_ClearCoat_Opaque.uexp" 640
"../../../Engine/Plugins/Animation/ControlRig/Content/Controls/ControlRig_RoundedTriangle_solid.ubulk" 641
"../../../Engine/Plugins/Animation/ControlRig/Content/Controls/ControlRig_RoundedTriangle_solid.uasset" 642
"../../../Engine/Plugins/Animation/ControlRig/Content/Controls/ControlRig_RoundedTriangle_solid.uexp" 643
"../../../Engine/Plugins/Interchange/Assets/Content/gltf/MaterialInstances/MI_ClearCoat_Opaque_DS.uasset" 644
"../../../Engine/Plugins/Interchange/Assets/Content/gltf/MaterialInstances/MI_ClearCoat_Opaque_DS.uexp" 645
"../../../Engine/Plugins/Interchange/Runtime/Content/Pipelines/DefaultAssetsPipeline.uasset" 646
"../../../Engine/Plugins/Interchange/Runtime/Content/Pipelines/DefaultAssetsPipeline.uexp" 647
"../../../Engine/Plugins/Interchange/Runtime/Content/Pipelines/DefaultAudioPipeline.uasset" 648
"../../../Engine/Plugins/Interchange/Runtime/Content/Pipelines/DefaultAudioPipeline.uexp" 649
"../../../Engine/Plugins/Interchange/Runtime/Content/Pipelines/DefaultGLTFAssetsPipeline.uasset" 650
"../../../Engine/Plugins/Interchange/Runtime/Content/Pipelines/DefaultGLTFAssetsPipeline.uexp" 651
"../../../Engine/Plugins/Interchange/Runtime/Content/Pipelines/DefaultGLTFPipeline.uasset" 652
"../../../Engine/Plugins/Interchange/Runtime/Content/Pipelines/DefaultGLTFPipeline.uexp" 653
"../../../Engine/Plugins/Interchange/Runtime/Content/Pipelines/DefaultGLTFSceneAssetsPipeline.uasset" 654
"../../../Engine/Plugins/Interchange/Runtime/Content/Pipelines/DefaultGLTFSceneAssetsPipeline.uexp" 655
"../../../Engine/Plugins/Interchange/Assets/Content/gltf/MaterialBodies/MF_Default_Body.uasset" 656
"../../../Engine/Plugins/Interchange/Assets/Content/gltf/MaterialBodies/MF_Default_Body.uexp" 657
"../../../Engine/Plugins/Interchange/Assets/Content/gltf/M_Default.uasset" 658
"../../../Engine/Plugins/Interchange/Assets/Content/gltf/M_Default.uexp" 659
"../../../Engine/Plugins/Interchange/Assets/Content/gltf/MaterialInstances/MI_Default_Blend.uasset" 660
"../../../Engine/Plugins/Interchange/Assets/Content/gltf/MaterialInstances/MI_Default_Blend.uexp" 661
"../../../Engine/Plugins/Interchange/Runtime/Content/Pipelines/DefaultMaterialPipeline.uasset" 662
"../../../Engine/Plugins/Interchange/Runtime/Content/Pipelines/DefaultMaterialPipeline.uexp" 663
"../../../Engine/Plugins/Interchange/Runtime/Content/Pipelines/DefaultMaterialXPipeline.uasset" 664
"../../../Engine/Plugins/Interchange/Runtime/Content/Pipelines/DefaultMaterialXPipeline.uexp" 665
"../../../Engine/Plugins/Interchange/Runtime/Content/Pipelines/DefaultSceneAssetsPipeline.uasset" 666
"../../../Engine/Plugins/Interchange/Runtime/Content/Pipelines/DefaultSceneAssetsPipeline.uexp" 667
"../../../Engine/Plugins/Interchange/Runtime/Content/Pipelines/DefaultSceneLevelPipeline.uasset" 668
"../../../Engine/Plugins/Interchange/Runtime/Content/Pipelines/DefaultSceneLevelPipeline.uexp" 669
"../../../Engine/Content/EngineResources/GradientTexture0.uasset" 670
"../../../Engine/Content/EngineResources/GradientTexture0.uexp" 671
"../../../Engine/Plugins/Interchange/Runtime/Content/Pipelines/DefaultTexturePipeline.uasset" 672
"../../../Engine/Plugins/Interchange/Runtime/Content/Pipelines/DefaultTexturePipeline.uexp" 673
"../../../Engine/Plugins/Interchange/Assets/Content/gltf/MaterialInstances/MI_Default_Blend_DS.uasset" 674
"../../../Engine/Plugins/Interchange/Assets/Content/gltf/MaterialInstances/MI_Default_Blend_DS.uexp" 675
"../../../Engine/Plugins/Interchange/Assets/Content/gltf/MaterialInstances/MI_Default_Mask.uasset" 676
"../../../Engine/Plugins/Interchange/Assets/Content/gltf/MaterialInstances/MI_Default_Mask.uexp" 677
"../../../Engine/Plugins/NNE/NNEDenoiser/Content/NNEDTOM_Output_Default.uasset" 678
"../../../Engine/Plugins/NNE/NNEDenoiser/Content/NNEDTOM_Output_Default.uexp" 679
"../../../Engine/Plugins/NNE/NNEDenoiser/Content/NNEDT_Oidn2-3_Balanced.uasset" 680
"../../../Engine/Plugins/NNE/NNEDenoiser/Content/NNEDT_Oidn2-3_Balanced.uexp" 681
"../../../Engine/Plugins/NNE/NNEDenoiser/Content/NNEDT_Oidn2-3_Balanced_Alpha.uasset" 682
"../../../Engine/Plugins/NNE/NNEDenoiser/Content/NNEDT_Oidn2-3_Balanced_Alpha.uexp" 683
"../../../Engine/Plugins/NNE/NNEDenoiser/Content/NNED_Oidn2-3_Balanced.uasset" 684
"../../../Engine/Plugins/NNE/NNEDenoiser/Content/NNED_Oidn2-3_Balanced.uexp" 685
"../../../Engine/Plugins/NNE/NNEDenoiser/Content/NNED_Oidn2-3_Balanced_Alpha.uasset" 686
"../../../Engine/Plugins/NNE/NNEDenoiser/Content/NNED_Oidn2-3_Balanced_Alpha.uexp" 687
"../../../Engine/Plugins/NNE/NNEDenoiser/Content/NNED_Oidn2-3_Fast.uasset" 688
"../../../Engine/Plugins/NNE/NNEDenoiser/Content/NNED_Oidn2-3_Fast.uexp" 689
"../../../Engine/Plugins/NNE/NNEDenoiser/Content/NNED_Oidn2-3_Fast_Alpha.uasset" 690
"../../../Engine/Plugins/NNE/NNEDenoiser/Content/NNED_Oidn2-3_Fast_Alpha.uexp" 691
"../../../Engine/Plugins/NNE/NNEDenoiser/Content/NNED_Oidn2-3_HighQuality.uasset" 692
"../../../Engine/Plugins/NNE/NNEDenoiser/Content/NNED_Oidn2-3_HighQuality.uexp" 693
"../../../Engine/Plugins/Interchange/Assets/Content/gltf/MaterialInstances/MI_Default_Mask_DS.uasset" 694
"../../../Engine/Plugins/Interchange/Assets/Content/gltf/MaterialInstances/MI_Default_Mask_DS.uexp" 695
"../../../Engine/Plugins/NNE/NNEDenoiser/Content/NNED_Oidn2-3_HighQuality_Alpha.uasset" 696
"../../../Engine/Plugins/NNE/NNEDenoiser/Content/NNED_Oidn2-3_HighQuality_Alpha.uexp" 697
"../../../Engine/Plugins/NNE/NNEDenoiser/Content/NNE_oidn2-3-0_rt_hdr_alb_nrm_small__dyn__fp16_opset11_DenoiseAlpha.uasset" 698
"../../../Engine/Plugins/NNE/NNEDenoiser/Content/NNE_oidn2-3-0_rt_hdr_alb_nrm_small__dyn__fp16_opset11_DenoiseAlpha.uexp" 699
"../../../Engine/Plugins/NNE/NNEDenoiser/Content/NNE_oidn2-3-0_rt_hdr_alb_nrm_small__dyn__fp16_opset11_ForwardAlpha.uasset" 700
"../../../Engine/Plugins/NNE/NNEDenoiser/Content/NNE_oidn2-3-0_rt_hdr_alb_nrm_small__dyn__fp16_opset11_ForwardAlpha.uexp" 701
"../../../Engine/Plugins/Interchange/Assets/Content/gltf/MaterialInstances/MI_Default_Opaque.uasset" 702
"../../../Engine/Plugins/Interchange/Assets/Content/gltf/MaterialInstances/MI_Default_Opaque.uexp" 703
"../../../Engine/Plugins/NNE/NNEDenoiser/Content/NNE_oidn2-3-0_rt_hdr_alb_nrm__dyn__fp16_opset11_DenoiseAlpha.uasset" 704
"../../../Engine/Plugins/NNE/NNEDenoiser/Content/NNE_oidn2-3-0_rt_hdr_alb_nrm__dyn__fp16_opset11_DenoiseAlpha.uexp" 705
"../../../Engine/Plugins/Interchange/Assets/Content/gltf/MaterialFunctions/MF_Sheen.uasset" 706
"../../../Engine/Plugins/Interchange/Assets/Content/gltf/MaterialFunctions/MF_Sheen.uexp" 707
"../../../Engine/Plugins/Interchange/Assets/Content/gltf/MaterialBodies/MF_Sheen_Body.uasset" 708
"../../../Engine/Plugins/Interchange/Assets/Content/gltf/MaterialBodies/MF_Sheen_Body.uexp" 709
"../../../Engine/Plugins/Interchange/Assets/Content/gltf/M_Sheen.uasset" 710
"../../../Engine/Plugins/Interchange/Assets/Content/gltf/M_Sheen.uexp" 711
"../../../Engine/Plugins/Interchange/Assets/Content/gltf/MaterialInstances/MI_Sheen_Blend.uasset" 712
"../../../Engine/Plugins/Interchange/Assets/Content/gltf/MaterialInstances/MI_Sheen_Blend.uexp" 713
"../../../Engine/Plugins/NNE/NNEDenoiser/Content/NNE_oidn2-3-0_rt_hdr_alb_nrm__dyn__fp16_opset11_ForwardAlpha.uasset" 714
"../../../Engine/Plugins/NNE/NNEDenoiser/Content/NNE_oidn2-3-0_rt_hdr_alb_nrm__dyn__fp16_opset11_ForwardAlpha.uexp" 715
"../../../Engine/Plugins/NNE/NNEDenoiser/Content/NNE_oidn2-3-0_rt_hdr_calb_cnrm_large__dyn__fp16_opset11_DenoiseAlpha.uasset" 716
"../../../Engine/Plugins/NNE/NNEDenoiser/Content/NNE_oidn2-3-0_rt_hdr_calb_cnrm_large__dyn__fp16_opset11_DenoiseAlpha.uexp" 717
"../../../Engine/Plugins/NNE/NNEDenoiser/Content/NNE_oidn2-3-0_rt_hdr_calb_cnrm_large__dyn__fp16_opset11_ForwardAlpha.uasset" 718
"../../../Engine/Plugins/NNE/NNEDenoiser/Content/NNE_oidn2-3-0_rt_hdr_calb_cnrm_large__dyn__fp16_opset11_ForwardAlpha.uexp" 719
"../../../Engine/Plugins/Interchange/Assets/Content/gltf/MaterialInstances/MI_Sheen_Blend_DS.uasset" 720
"../../../Engine/Plugins/Interchange/Assets/Content/gltf/MaterialInstances/MI_Sheen_Blend_DS.uexp" 721
"../../../Engine/Content/EngineResources/LandscapeVisibilityLayerInfo.uasset" 722
"../../../Engine/Content/EngineResources/LandscapeVisibilityLayerInfo.uexp" 723
"../../../Engine/Plugins/Interchange/Assets/Content/gltf/MaterialInstances/MI_Sheen_Mask.uasset" 724
"../../../Engine/Plugins/Interchange/Assets/Content/gltf/MaterialInstances/MI_Sheen_Mask.uexp" 725
"../../../Engine/Plugins/Interchange/Assets/Content/gltf/MaterialInstances/MI_Sheen_Mask_DS.uasset" 726
"../../../Engine/Plugins/Interchange/Assets/Content/gltf/MaterialInstances/MI_Sheen_Mask_DS.uexp" 727
"../../../Engine/Plugins/Interchange/Assets/Content/gltf/MaterialInstances/MI_Sheen_Opaque.uasset" 728
"../../../Engine/Plugins/Interchange/Assets/Content/gltf/MaterialInstances/MI_Sheen_Opaque.uexp" 729
"../../../Engine/Plugins/Interchange/Assets/Content/gltf/MaterialInstances/MI_Sheen_Opaque_DS.uasset" 730
"../../../Engine/Plugins/Interchange/Assets/Content/gltf/MaterialInstances/MI_Sheen_Opaque_DS.uexp" 731
"../../../Engine/Content/Functions/Engine_MaterialFunctions02/Math/AddComponents.uasset" 732
"../../../Engine/Content/Functions/Engine_MaterialFunctions02/Math/AddComponents.uexp" 733
"../../../Engine/Plugins/Interchange/Assets/Content/gltf/MaterialFunctions/MF_DiffuseSpecGloss.uasset" 734
"../../../Engine/Plugins/Interchange/Assets/Content/gltf/MaterialFunctions/MF_DiffuseSpecGloss.uexp" 735
"../../../Engine/Plugins/Interchange/Assets/Content/gltf/MaterialFunctions/MF_MaxComponentValue.uasset" 736
"../../../Engine/Plugins/Interchange/Assets/Content/gltf/MaterialFunctions/MF_MaxComponentValue.uexp" 737
"../../../Engine/Plugins/Interchange/Assets/Content/gltf/MaterialFunctions/MF_PerceivedBrightness.uasset" 738
"../../../Engine/Plugins/Interchange/Assets/Content/gltf/MaterialFunctions/MF_PerceivedBrightness.uexp" 739
"../../../Engine/Plugins/Interchange/Assets/Content/gltf/MaterialFunctions/MF_SpecGlossToMetalRoughness.uasset" 740
"../../../Engine/Plugins/Interchange/Assets/Content/gltf/MaterialFunctions/MF_SpecGlossToMetalRoughness.uexp" 741
"../../../Engine/Plugins/Interchange/Assets/Content/gltf/MaterialBodies/MF_SpecularGlossiness_Body.uasset" 742
"../../../Engine/Plugins/Interchange/Assets/Content/gltf/MaterialBodies/MF_SpecularGlossiness_Body.uexp" 743
"../../../Engine/Plugins/Interchange/Assets/Content/gltf/M_SpecularGlossiness.uasset" 744
"../../../Engine/Plugins/Interchange/Assets/Content/gltf/M_SpecularGlossiness.uexp" 745
"../../../Engine/Plugins/Interchange/Assets/Content/gltf/MaterialInstances/MI_SpecularGlossiness_Blend.uasset" 746
"../../../Engine/Plugins/Interchange/Assets/Content/gltf/MaterialInstances/MI_SpecularGlossiness_Blend.uexp" 747
"../../../Engine/Plugins/Interchange/Assets/Content/gltf/MaterialInstances/MI_SpecularGlossiness_Blend_DS.uasset" 748
"../../../Engine/Plugins/Interchange/Assets/Content/gltf/MaterialInstances/MI_SpecularGlossiness_Blend_DS.uexp" 749
"../../../Engine/Plugins/Interchange/Assets/Content/gltf/MaterialInstances/MI_SpecularGlossiness_Mask.uasset" 750
"../../../Engine/Plugins/Interchange/Assets/Content/gltf/MaterialInstances/MI_SpecularGlossiness_Mask.uexp" 751
"../../../Engine/Plugins/Interchange/Assets/Content/gltf/MaterialInstances/MI_SpecularGlossiness_Mask_DS.uasset" 752
"../../../Engine/Plugins/Interchange/Assets/Content/gltf/MaterialInstances/MI_SpecularGlossiness_Mask_DS.uexp" 753
"../../../Engine/Plugins/Interchange/Assets/Content/gltf/MaterialInstances/MI_SpecularGlossiness_Opaque.uasset" 754
"../../../Engine/Plugins/Interchange/Assets/Content/gltf/MaterialInstances/MI_SpecularGlossiness_Opaque.uexp" 755
"../../../Engine/Content/EngineMaterials/DefaultMaterial.uasset" 756
"../../../Engine/Content/EngineMaterials/DefaultMaterial.uexp" 757
"../../../Engine/Content/BasicShapes/Cone.ubulk" 758
"../../../Engine/Content/BasicShapes/Cone.uasset" 759
"../../../Engine/Content/BasicShapes/Cone.uexp" 760
"../../../Engine/Plugins/Interchange/Assets/Content/gltf/MaterialInstances/MI_SpecularGlossiness_Opaque_DS.uasset" 761
"../../../Engine/Plugins/Interchange/Assets/Content/gltf/MaterialInstances/MI_SpecularGlossiness_Opaque_DS.uexp" 762
"../../../Engine/Content/ArtTools/RenderToTexture/Meshes/S_1_Unit_Plane.ubulk" 763
"../../../Engine/Content/ArtTools/RenderToTexture/Meshes/S_1_Unit_Plane.uasset" 764
"../../../Engine/Content/ArtTools/RenderToTexture/Meshes/S_1_Unit_Plane.uexp" 765
"../../../Engine/Content/BasicShapes/Cube.ubulk" 766
"../../../Engine/Content/BasicShapes/Cube.uasset" 767
"../../../Engine/Content/BasicShapes/Cube.uexp" 768
"../../../Engine/Content/EngineMaterials/Good64x64TilingNoiseHighFreq.uasset" 769
"../../../Engine/Content/EngineMaterials/Good64x64TilingNoiseHighFreq.uexp" 770
"../../../Engine/Content/Functions/Engine_MaterialFunctions02/Texturing/ScreenAlignedPixelToPixelUVs.uasset" 771
"../../../Engine/Content/Functions/Engine_MaterialFunctions02/Texturing/ScreenAlignedPixelToPixelUVs.uexp" 772
"../../../Engine/Plugins/Interchange/Assets/Content/gltf/MaterialFunctions/MF_Fresnel_DS.uasset" 773
"../../../Engine/Plugins/Interchange/Assets/Content/gltf/MaterialFunctions/MF_Fresnel_DS.uexp" 774
"../../../Engine/Plugins/Interchange/Assets/Content/gltf/MaterialFunctions/MF_Temporal_Blur.uasset" 775
"../../../Engine/Plugins/Interchange/Assets/Content/gltf/MaterialFunctions/MF_Temporal_Blur.uexp" 776
"../../../Engine/Plugins/Interchange/Assets/Content/gltf/MaterialFunctions/MF_Transmission.uasset" 777
"../../../Engine/Plugins/Interchange/Assets/Content/gltf/MaterialFunctions/MF_Transmission.uexp" 778
"../../../Engine/Plugins/Interchange/Assets/Content/gltf/MaterialBodies/MF_Transmission_Body.uasset" 779
"../../../Engine/Plugins/Interchange/Assets/Content/gltf/MaterialBodies/MF_Transmission_Body.uexp" 780
"../../../Engine/Plugins/Interchange/Assets/Content/gltf/M_Transmission.uasset" 781
"../../../Engine/Plugins/Interchange/Assets/Content/gltf/M_Transmission.uexp" 782
"../../../Engine/Plugins/Interchange/Assets/Content/gltf/MaterialInstances/MI_Transmission.uasset" 783
"../../../Engine/Plugins/Interchange/Assets/Content/gltf/MaterialInstances/MI_Transmission.uexp" 784
"../../../Engine/Plugins/Interchange/Assets/Content/gltf/MaterialInstances/MI_Transmission_DS.uasset" 785
"../../../Engine/Plugins/Interchange/Assets/Content/gltf/MaterialInstances/MI_Transmission_DS.uexp" 786
"../../../Engine/Plugins/Interchange/Assets/Content/gltf/MaterialBodies/MF_Unlit_Body.uasset" 787
"../../../Engine/Plugins/Interchange/Assets/Content/gltf/MaterialBodies/MF_Unlit_Body.uexp" 788
"../../../Engine/Plugins/Interchange/Assets/Content/gltf/M_Unlit.uasset" 789
"../../../Engine/Plugins/Interchange/Assets/Content/gltf/M_Unlit.uexp" 790
"../../../Engine/Plugins/Interchange/Assets/Content/gltf/MaterialInstances/MI_Unlit_Blend.uasset" 791
"../../../Engine/Plugins/Interchange/Assets/Content/gltf/MaterialInstances/MI_Unlit_Blend.uexp" 792
"../../../Engine/Plugins/Interchange/Assets/Content/gltf/MaterialInstances/MI_Unlit_Blend_DS.uasset" 793
"../../../Engine/Plugins/Interchange/Assets/Content/gltf/MaterialInstances/MI_Unlit_Blend_DS.uexp" 794
"../../../Engine/Plugins/Interchange/Assets/Content/gltf/MaterialInstances/MI_Unlit_Mask.uasset" 795
"../../../Engine/Plugins/Interchange/Assets/Content/gltf/MaterialInstances/MI_Unlit_Mask.uexp" 796
"../../../Engine/Plugins/Interchange/Assets/Content/gltf/MaterialInstances/MI_Unlit_Mask_DS.uasset" 797
"../../../Engine/Plugins/Interchange/Assets/Content/gltf/MaterialInstances/MI_Unlit_Mask_DS.uexp" 798
"../../../Engine/Plugins/Interchange/Assets/Content/gltf/MaterialInstances/MI_Unlit_Opaque.uasset" 799
"../../../Engine/Plugins/Interchange/Assets/Content/gltf/MaterialInstances/MI_Unlit_Opaque.uexp" 800
"../../../Engine/Plugins/Interchange/Assets/Content/gltf/MaterialInstances/MI_Unlit_Opaque_DS.uasset" 801
"../../../Engine/Plugins/Interchange/Assets/Content/gltf/MaterialInstances/MI_Unlit_Opaque_DS.uexp" 802
"../../../Engine/Plugins/Animation/ControlRig/Content/Controls/ControlRig_Sphere_1mm.ubulk" 803
"../../../Engine/Plugins/Animation/ControlRig/Content/Controls/ControlRig_Sphere_1mm.uasset" 804
"../../../Engine/Plugins/Animation/ControlRig/Content/Controls/ControlRig_Sphere_1mm.uexp" 805
"../../../Engine/Plugins/Animation/ControlRig/Content/Controls/ControlRig_Sphere_3mm.ubulk" 806
"../../../Engine/Plugins/Animation/ControlRig/Content/Controls/ControlRig_Sphere_3mm.uasset" 807
"../../../Engine/Plugins/Animation/ControlRig/Content/Controls/ControlRig_Sphere_3mm.uexp" 808
"../../../Engine/Plugins/Animation/ControlRig/Content/Controls/ControlRig_Sphere_solid.ubulk" 809
"../../../Engine/Plugins/Animation/ControlRig/Content/Controls/ControlRig_Sphere_solid.uasset" 810
"../../../Engine/Plugins/Animation/ControlRig/Content/Controls/ControlRig_Sphere_solid.uexp" 811
"../../../Engine/Plugins/Animation/ControlRig/Content/Controls/ControlRig_Square_1mm.ubulk" 812
"../../../Engine/Plugins/Animation/ControlRig/Content/Controls/ControlRig_Square_1mm.uasset" 813
"../../../Engine/Plugins/Animation/ControlRig/Content/Controls/ControlRig_Square_1mm.uexp" 814
"../../../Engine/Content/EngineMaterials/Substrate/GLints/AGlintTex2dArray.uasset" 815
"../../../Engine/Content/EngineMaterials/Substrate/GLints/AGlintTex2dArray.uexp" 816
"../../../Engine/Plugins/Animation/ControlRig/Content/Controls/ControlRig_Square_3mm.ubulk" 817
"../../../Engine/Plugins/Animation/ControlRig/Content/Controls/ControlRig_Square_3mm.uasset" 818
"../../../Engine/Plugins/Animation/ControlRig/Content/Controls/ControlRig_Square_3mm.uexp" 819
"../../../Engine/Content/Functions/Engine_MaterialFunctions01/Gradient/LinearGradient.uasset" 820
"../../../Engine/Content/Functions/Engine_MaterialFunctions01/Gradient/LinearGradient.uexp" 821
"../../../Engine/Content/Functions/Engine_MaterialFunctions01/ImageAdjustment/CheapContrast.uasset" 822
"../../../Engine/Content/Functions/Engine_MaterialFunctions01/ImageAdjustment/CheapContrast.uexp" 823
"C:/Users/raywe/Documents/JamesWen_HelloXRWorld/LassoSwinger/LassoFP/Content/LevelPrototyping/Textures/T_GridChecker_A.ubulk" 824
"C:/Users/raywe/Documents/JamesWen_HelloXRWorld/LassoSwinger/LassoFP/Content/LevelPrototyping/Textures/T_GridChecker_A.uasset" 825
"C:/Users/raywe/Documents/JamesWen_HelloXRWorld/LassoSwinger/LassoFP/Content/LevelPrototyping/Textures/T_GridChecker_A.uexp" 826
"C:/Users/raywe/Documents/JamesWen_HelloXRWorld/LassoSwinger/LassoFP/Content/LevelPrototyping/Materials/MF_ProcGrid.uasset" 827
"C:/Users/raywe/Documents/JamesWen_HelloXRWorld/LassoSwinger/LassoFP/Content/LevelPrototyping/Materials/MF_ProcGrid.uexp" 828
"C:/Users/raywe/Documents/JamesWen_HelloXRWorld/LassoSwinger/LassoFP/Content/LevelPrototyping/Materials/M_PrototypeGrid.uasset" 829
"C:/Users/raywe/Documents/JamesWen_HelloXRWorld/LassoSwinger/LassoFP/Content/LevelPrototyping/Materials/M_PrototypeGrid.uexp" 830
"C:/Users/raywe/Documents/JamesWen_HelloXRWorld/LassoSwinger/LassoFP/Content/LevelPrototyping/Materials/MI_PrototypeGrid_Gray.uasset" 831
"C:/Users/raywe/Documents/JamesWen_HelloXRWorld/LassoSwinger/LassoFP/Content/LevelPrototyping/Materials/MI_PrototypeGrid_Gray.uexp" 832
"C:/Users/raywe/Documents/JamesWen_HelloXRWorld/LassoSwinger/LassoFP/Content/LevelPrototyping/Meshes/SM_Cylinder.ubulk" 833
"C:/Users/raywe/Documents/JamesWen_HelloXRWorld/LassoSwinger/LassoFP/Content/LevelPrototyping/Meshes/SM_Cylinder.uasset" 834
"C:/Users/raywe/Documents/JamesWen_HelloXRWorld/LassoSwinger/LassoFP/Content/LevelPrototyping/Meshes/SM_Cylinder.uexp" 835
"C:/Users/raywe/Documents/JamesWen_HelloXRWorld/LassoSwinger/LassoFP/Content/FirstPerson/Blueprints/BP_RopeSegment.uasset" 836
"C:/Users/raywe/Documents/JamesWen_HelloXRWorld/LassoSwinger/LassoFP/Content/FirstPerson/Blueprints/BP_RopeSegment.uexp" 837
"../../../Engine/Plugins/Animation/ControlRig/Content/Controls/ControlRig_Square_solid.ubulk" 838
"../../../Engine/Plugins/Animation/ControlRig/Content/Controls/ControlRig_Square_solid.uasset" 839
"../../../Engine/Plugins/Animation/ControlRig/Content/Controls/ControlRig_Square_solid.uexp" 840
"../../../Engine/Plugins/Animation/ControlRig/Content/Controls/ControlRig_Star4_1mm.ubulk" 841
"../../../Engine/Plugins/Animation/ControlRig/Content/Controls/ControlRig_Star4_1mm.uasset" 842
"../../../Engine/Plugins/Animation/ControlRig/Content/Controls/ControlRig_Star4_1mm.uexp" 843
"C:/Users/raywe/Documents/JamesWen_HelloXRWorld/LassoSwinger/LassoFP/Content/LevelPrototyping/Meshes/SM_Cube.ubulk" 844
"C:/Users/raywe/Documents/JamesWen_HelloXRWorld/LassoSwinger/LassoFP/Content/LevelPrototyping/Meshes/SM_Cube.uasset" 845
"C:/Users/raywe/Documents/JamesWen_HelloXRWorld/LassoSwinger/LassoFP/Content/LevelPrototyping/Meshes/SM_Cube.uexp" 846
"C:/Users/raywe/Documents/JamesWen_HelloXRWorld/LassoSwinger/LassoFP/Content/LevelPrototyping/Meshes/SM_QuarterCylinder.ubulk" 847
"C:/Users/raywe/Documents/JamesWen_HelloXRWorld/LassoSwinger/LassoFP/Content/LevelPrototyping/Meshes/SM_QuarterCylinder.uasset" 848
"C:/Users/raywe/Documents/JamesWen_HelloXRWorld/LassoSwinger/LassoFP/Content/LevelPrototyping/Meshes/SM_QuarterCylinder.uexp" 849
"C:/Users/raywe/Documents/JamesWen_HelloXRWorld/LassoSwinger/LassoFP/Content/LevelPrototyping/Meshes/SM_Ramp.ubulk" 850
"C:/Users/raywe/Documents/JamesWen_HelloXRWorld/LassoSwinger/LassoFP/Content/LevelPrototyping/Meshes/SM_Ramp.uasset" 851
"C:/Users/raywe/Documents/JamesWen_HelloXRWorld/LassoSwinger/LassoFP/Content/LevelPrototyping/Meshes/SM_Ramp.uexp" 852
"../../../Engine/Content/EngineMaterials/Substrate/Glints2/AGlintTex2dArray2.uasset" 853
"../../../Engine/Content/EngineMaterials/Substrate/Glints2/AGlintTex2dArray2.uexp" 854
"../../../Engine/Plugins/Animation/ControlRig/Content/Controls/ControlRig_Star4_3mm.ubulk" 855
"../../../Engine/Plugins/Animation/ControlRig/Content/Controls/ControlRig_Star4_3mm.uasset" 856
"../../../Engine/Plugins/Animation/ControlRig/Content/Controls/ControlRig_Star4_3mm.uexp" 857
"../../../Engine/Plugins/Animation/ControlRig/Content/Controls/ControlRig_Star4_solid.ubulk" 858
"../../../Engine/Plugins/Animation/ControlRig/Content/Controls/ControlRig_Star4_solid.uasset" 859
"../../../Engine/Plugins/Animation/ControlRig/Content/Controls/ControlRig_Star4_solid.uexp" 860
"../../../Engine/Plugins/Animation/ControlRig/Content/Controls/ControlRig_Triangle_1mm.ubulk" 861
"../../../Engine/Plugins/Animation/ControlRig/Content/Controls/ControlRig_Triangle_1mm.uasset" 862
"../../../Engine/Plugins/Animation/ControlRig/Content/Controls/ControlRig_Triangle_1mm.uexp" 863
"../../../Engine/Plugins/Animation/ControlRig/Content/Controls/ControlRig_Triangle_3mm.ubulk" 864
"../../../Engine/Plugins/Animation/ControlRig/Content/Controls/ControlRig_Triangle_3mm.uasset" 865
"../../../Engine/Plugins/Animation/ControlRig/Content/Controls/ControlRig_Triangle_3mm.uexp" 866
"../../../Engine/Plugins/Animation/ControlRig/Content/Controls/ControlRig_Triangle_solid.ubulk" 867
"../../../Engine/Plugins/Animation/ControlRig/Content/Controls/ControlRig_Triangle_solid.uasset" 868
"../../../Engine/Plugins/Animation/ControlRig/Content/Controls/ControlRig_Triangle_solid.uexp" 869
"../../../Engine/Plugins/Animation/ControlRig/Content/Controls/ControlRig_Wedge_1mm.ubulk" 870
"../../../Engine/Plugins/Animation/ControlRig/Content/Controls/ControlRig_Wedge_1mm.uasset" 871
"../../../Engine/Plugins/Animation/ControlRig/Content/Controls/ControlRig_Wedge_1mm.uexp" 872
"../../../Engine/Plugins/Animation/ControlRig/Content/Controls/ControlRig_Wedge_3mm.ubulk" 873
"../../../Engine/Plugins/Animation/ControlRig/Content/Controls/ControlRig_Wedge_3mm.uasset" 874
"../../../Engine/Plugins/Animation/ControlRig/Content/Controls/ControlRig_Wedge_3mm.uexp" 875
"../../../Engine/Plugins/Animation/ControlRig/Content/Controls/ControlRig_Wedge_solid.ubulk" 876
"../../../Engine/Plugins/Animation/ControlRig/Content/Controls/ControlRig_Wedge_solid.uasset" 877
"../../../Engine/Plugins/Animation/ControlRig/Content/Controls/ControlRig_Wedge_solid.uexp" 878
"../../../Engine/Content/Functions/Engine_MaterialFunctions01/Shading/PowerToRoughness.uasset" 879
"../../../Engine/Content/Functions/Engine_MaterialFunctions01/Shading/PowerToRoughness.uexp" 880
"../../../Engine/Content/EngineMaterials/Substrate/Volume/SubstrateSimpleVolumeEnvLUT3D.uasset" 881
"../../../Engine/Content/EngineMaterials/Substrate/Volume/SubstrateSimpleVolumeEnvLUT3D.uexp" 882
"../../../Engine/Content/EngineMaterials/Substrate/Volume/SubstrateSimpleVolumeLUT3D.uasset" 883
"../../../Engine/Content/EngineMaterials/Substrate/Volume/SubstrateSimpleVolumeLUT3D.uexp" 884
"../../../Engine/Content/Functions/Engine_MaterialFunctions01/Shading/ConvertFromDiffSpec.uasset" 885
"../../../Engine/Content/Functions/Engine_MaterialFunctions01/Shading/ConvertFromDiffSpec.uexp" 886
"C:/Users/raywe/Documents/JamesWen_HelloXRWorld/LassoSwinger/LassoFP/Content/LevelPrototyping/Interactable/Target/Assets/SM_TargetBaseMesh.ubulk" 887
"C:/Users/raywe/Documents/JamesWen_HelloXRWorld/LassoSwinger/LassoFP/Content/LevelPrototyping/Interactable/Target/Assets/SM_TargetBaseMesh.uasset" 888
"C:/Users/raywe/Documents/JamesWen_HelloXRWorld/LassoSwinger/LassoFP/Content/LevelPrototyping/Interactable/Target/Assets/SM_TargetBaseMesh.uexp" 889
"C:/Users/raywe/Documents/JamesWen_HelloXRWorld/LassoSwinger/LassoFP/Content/LevelPrototyping/Interactable/Target/BP_WobbleTarget.uasset" 890
"C:/Users/raywe/Documents/JamesWen_HelloXRWorld/LassoSwinger/LassoFP/Content/LevelPrototyping/Interactable/Target/BP_WobbleTarget.uexp" 891
"../../../Engine/Content/Functions/Engine_MaterialFunctions02/SplitComponents.uasset" 892
"../../../Engine/Content/Functions/Engine_MaterialFunctions02/SplitComponents.uexp" 893
"../../../Engine/Content/VREditor/SnapGrid/SnapGridMaterial.uasset" 894
"../../../Engine/Content/VREditor/SnapGrid/SnapGridMaterial.uexp" 895
"../../../Engine/Content/VREditor/SnapGrid/SnapGridPlaneMesh.ubulk" 896
"../../../Engine/Content/VREditor/SnapGrid/SnapGridPlaneMesh.uasset" 897
"../../../Engine/Content/VREditor/SnapGrid/SnapGridPlaneMesh.uexp" 898
"../../../Engine/Content/VREditor/TransformGizmo/PlaneTranslationHandle.ubulk" 899
"../../../Engine/Content/VREditor/TransformGizmo/PlaneTranslationHandle.uasset" 900
"../../../Engine/Content/VREditor/TransformGizmo/PlaneTranslationHandle.uexp" 901
"../../../Engine/Content/VREditor/TransformGizmo/RotationHandleFull.ubulk" 902
"../../../Engine/Content/VREditor/TransformGizmo/RotationHandleFull.uasset" 903
"../../../Engine/Content/VREditor/TransformGizmo/RotationHandleFull.uexp" 904
"../../../Engine/Content/VREditor/TransformGizmo/RotationHandleIndicator.ubulk" 905
"../../../Engine/Content/VREditor/TransformGizmo/RotationHandleIndicator.uasset" 906
"../../../Engine/Content/VREditor/TransformGizmo/RotationHandleIndicator.uexp" 907
"../../../Engine/Content/VREditor/TransformGizmo/RotationHandleQuarter.ubulk" 908
"../../../Engine/Content/VREditor/TransformGizmo/RotationHandleQuarter.uasset" 909
"../../../Engine/Content/VREditor/TransformGizmo/RotationHandleQuarter.uexp" 910
"../../../Engine/Content/VREditor/TransformGizmo/StartRotationHandleIndicator.ubulk" 911
"../../../Engine/Content/VREditor/TransformGizmo/StartRotationHandleIndicator.uasset" 912
"../../../Engine/Content/VREditor/TransformGizmo/StartRotationHandleIndicator.uexp" 913
"../../../Engine/Content/VREditor/TransformGizmo/TranslucentTransformGizmoMaterial_Inst.uasset" 914
"../../../Engine/Content/VREditor/TransformGizmo/TranslucentTransformGizmoMaterial_Inst.uexp" 915
"../../../Engine/Content/VREditor/TransformGizmo/TransformGizmoFreeRotation.ubulk" 916
"../../../Engine/Content/VREditor/TransformGizmo/TransformGizmoFreeRotation.uasset" 917
"../../../Engine/Content/VREditor/TransformGizmo/TransformGizmoFreeRotation.uexp" 918
"../../../Engine/Content/VREditor/TransformGizmo/TransformGizmoMaterial_Inst.uasset" 919
"../../../Engine/Content/VREditor/TransformGizmo/TransformGizmoMaterial_Inst.uexp" 920
"../../../Engine/Content/VREditor/TransformGizmo/TranslateArrowHandle.ubulk" 921
"../../../Engine/Content/VREditor/TransformGizmo/TranslateArrowHandle.uasset" 922
"../../../Engine/Content/VREditor/TransformGizmo/TranslateArrowHandle.uexp" 923
"../../../Engine/Content/VREditor/TransformGizmo/UniformScaleHandle.ubulk" 924
"../../../Engine/Content/VREditor/TransformGizmo/UniformScaleHandle.uasset" 925
"../../../Engine/Content/VREditor/TransformGizmo/UniformScaleHandle.uexp" 926
"../../../Engine/Content/VREditor/Sounds/UI/Drop_Item_From_ContentBrowser.ubulk" 927
"../../../Engine/Content/VREditor/Sounds/UI/Drop_Item_From_ContentBrowser.uasset" 928
"../../../Engine/Content/VREditor/Sounds/UI/Drop_Item_From_ContentBrowser.uexp" 929
"../../../Engine/Content/VREditor/Sounds/UI/Gizmo_Handle_Clicked.ubulk" 930
"../../../Engine/Content/VREditor/Sounds/UI/Gizmo_Handle_Clicked.uasset" 931
"../../../Engine/Content/VREditor/Sounds/UI/Gizmo_Handle_Clicked.uexp" 932
"../../../Engine/Content/VREditor/Sounds/UI/Object_PickUp.ubulk" 933
"../../../Engine/Content/VREditor/Sounds/UI/Object_PickUp.uasset" 934
"../../../Engine/Content/VREditor/Sounds/UI/Object_PickUp.uexp" 935
"../../../Engine/Content/VREditor/Sounds/UI/Object_Snaps_To_Another_Actor.ubulk" 936
"../../../Engine/Content/VREditor/Sounds/UI/Object_Snaps_To_Another_Actor.uasset" 937
"../../../Engine/Content/VREditor/Sounds/UI/Object_Snaps_To_Another_Actor.uexp" 938
"../../../Engine/Content/VREditor/Sounds/UI/Object_Snaps_To_Grid.ubulk" 939
"../../../Engine/Content/VREditor/Sounds/UI/Object_Snaps_To_Grid.uasset" 940
"../../../Engine/Content/VREditor/Sounds/UI/Object_Snaps_To_Grid.uexp" 941
"../../../Engine/Content/VREditor/Sounds/UI/Scaling_Down.ubulk" 942
"../../../Engine/Content/VREditor/Sounds/UI/Scaling_Down.uasset" 943
"../../../Engine/Content/VREditor/Sounds/UI/Scaling_Down.uexp" 944
"../../../Engine/Content/VREditor/Sounds/UI/Scaling_Up.ubulk" 945
"../../../Engine/Content/VREditor/Sounds/UI/Scaling_Up.uasset" 946
"../../../Engine/Content/VREditor/Sounds/UI/Scaling_Up.uexp" 947
"../../../Engine/Content/VREditor/Sounds/UI/Selection_Changes.ubulk" 948
"../../../Engine/Content/VREditor/Sounds/UI/Selection_Changes.uasset" 949
"../../../Engine/Content/VREditor/Sounds/UI/Selection_Changes.uexp" 950
"../../../Engine/Plugins/Animation/ControlRig/Content/Controls/ControlRigGizmoMaterial.uasset" 951
"../../../Engine/Plugins/Animation/ControlRig/Content/Controls/ControlRigGizmoMaterial.uexp" 952
"../../../Engine/Plugins/Animation/ControlRig/Content/Controls/ControlRigXRayMaterial.uasset" 953
"../../../Engine/Plugins/Animation/ControlRig/Content/Controls/ControlRigXRayMaterial.uexp" 954
"../../../Engine/Plugins/Animation/ControlRig/Content/Controls/ControlRig_Arrow2_1mm.ubulk" 955
"../../../Engine/Plugins/Animation/ControlRig/Content/Controls/ControlRig_Arrow2_1mm.uasset" 956
"../../../Engine/Plugins/Animation/ControlRig/Content/Controls/ControlRig_Arrow2_1mm.uexp" 957
"../../../Engine/Plugins/Animation/ControlRig/Content/Controls/ControlRig_Arrow2_3mm.ubulk" 958
"../../../Engine/Plugins/Animation/ControlRig/Content/Controls/ControlRig_Arrow2_3mm.uasset" 959
"../../../Engine/Plugins/Animation/ControlRig/Content/Controls/ControlRig_Arrow2_3mm.uexp" 960
"../../../Engine/Plugins/Animation/ControlRig/Content/Controls/ControlRig_Arrow2_solid.ubulk" 961
"../../../Engine/Plugins/Animation/ControlRig/Content/Controls/ControlRig_Arrow2_solid.uasset" 962
"../../../Engine/Plugins/Animation/ControlRig/Content/Controls/ControlRig_Arrow2_solid.uexp" 963
"../../../Engine/Plugins/Animation/ControlRig/Content/Controls/ControlRig_Arrow4_1mm.ubulk" 964
"../../../Engine/Plugins/Animation/ControlRig/Content/Controls/ControlRig_Arrow4_1mm.uasset" 965
"../../../Engine/Plugins/Animation/ControlRig/Content/Controls/ControlRig_Arrow4_1mm.uexp" 966
"../../../Engine/Plugins/Animation/ControlRig/Content/Controls/ControlRig_Arrow4_3mm.ubulk" 967
"../../../Engine/Plugins/Animation/ControlRig/Content/Controls/ControlRig_Arrow4_3mm.uasset" 968
"../../../Engine/Plugins/Animation/ControlRig/Content/Controls/ControlRig_Arrow4_3mm.uexp" 969
"../../../Engine/Plugins/Animation/ControlRig/Content/Controls/ControlRig_Arrow4_solid.ubulk" 970
"../../../Engine/Plugins/Animation/ControlRig/Content/Controls/ControlRig_Arrow4_solid.uasset" 971
"../../../Engine/Plugins/Animation/ControlRig/Content/Controls/ControlRig_Arrow4_solid.uexp" 972
"../../../Engine/Plugins/Animation/ControlRig/Content/Controls/ControlRig_Arrow_1mm.ubulk" 973
"../../../Engine/Plugins/Animation/ControlRig/Content/Controls/ControlRig_Arrow_1mm.uasset" 974
"../../../Engine/Plugins/Animation/ControlRig/Content/Controls/ControlRig_Arrow_1mm.uexp" 975
"../../../Engine/Plugins/Animation/ControlRig/Content/Controls/ControlRig_Arrow_3mm.ubulk" 976
"../../../Engine/Plugins/Animation/ControlRig/Content/Controls/ControlRig_Arrow_3mm.uasset" 977
"../../../Engine/Plugins/Animation/ControlRig/Content/Controls/ControlRig_Arrow_3mm.uexp" 978
"../../../Engine/Plugins/Animation/ControlRig/Content/Controls/ControlRig_Arrow_solid.ubulk" 979
"../../../Engine/Plugins/Animation/ControlRig/Content/Controls/ControlRig_Arrow_solid.uasset" 980
"../../../Engine/Plugins/Animation/ControlRig/Content/Controls/ControlRig_Arrow_solid.uexp" 981
"../../../Engine/Plugins/Animation/ControlRig/Content/Controls/ControlRig_Box_1mm.ubulk" 982
"../../../Engine/Plugins/Animation/ControlRig/Content/Controls/ControlRig_Box_1mm.uasset" 983
"../../../Engine/Plugins/Animation/ControlRig/Content/Controls/ControlRig_Box_1mm.uexp" 984
"../../../Engine/Plugins/Animation/ControlRig/Content/Controls/ControlRig_Box_3mm.ubulk" 985
"../../../Engine/Plugins/Animation/ControlRig/Content/Controls/ControlRig_Box_3mm.uasset" 986
"../../../Engine/Plugins/Animation/ControlRig/Content/Controls/ControlRig_Box_3mm.uexp" 987
"../../../Engine/Plugins/Animation/ControlRig/Content/Controls/ControlRig_Box_solid.ubulk" 988
"../../../Engine/Plugins/Animation/ControlRig/Content/Controls/ControlRig_Box_solid.uasset" 989
"../../../Engine/Plugins/Animation/ControlRig/Content/Controls/ControlRig_Box_solid.uexp" 990
"../../../Engine/Plugins/Animation/ControlRig/Content/Controls/ControlRig_Circle_1mm.ubulk" 991
"../../../Engine/Plugins/Animation/ControlRig/Content/Controls/ControlRig_Circle_1mm.uasset" 992
"../../../Engine/Plugins/Animation/ControlRig/Content/Controls/ControlRig_Circle_1mm.uexp" 993
"../../../Engine/Plugins/Animation/ControlRig/Content/Controls/ControlRig_Circle_3mm.ubulk" 994
"../../../Engine/Plugins/Animation/ControlRig/Content/Controls/ControlRig_Circle_3mm.uasset" 995
"../../../Engine/Plugins/Animation/ControlRig/Content/Controls/ControlRig_Circle_3mm.uexp" 996
"../../../Engine/Plugins/Animation/ControlRig/Content/Controls/ControlRig_Circle_solid.ubulk" 997
"../../../Engine/Plugins/Animation/ControlRig/Content/Controls/ControlRig_Circle_solid.uasset" 998
"../../../Engine/Plugins/Animation/ControlRig/Content/Controls/ControlRig_Circle_solid.uexp" 999
"../../../Engine/Plugins/Animation/ControlRig/Content/Controls/ControlRig_Diamond_1mm.ubulk" 1000
"../../../Engine/Plugins/Animation/ControlRig/Content/Controls/ControlRig_Diamond_1mm.uasset" 1001
"../../../Engine/Plugins/Animation/ControlRig/Content/Controls/ControlRig_Diamond_1mm.uexp" 1002
"../../../Engine/Plugins/Animation/ControlRig/Content/Controls/ControlRig_Diamond_3mm.ubulk" 1003
"../../../Engine/Plugins/Animation/ControlRig/Content/Controls/ControlRig_Diamond_3mm.uasset" 1004
"../../../Engine/Plugins/Animation/ControlRig/Content/Controls/ControlRig_Diamond_3mm.uexp" 1005
"../../../Engine/Plugins/Animation/ControlRig/Content/Controls/ControlRig_Diamond_solid.ubulk" 1006
"../../../Engine/Plugins/Animation/ControlRig/Content/Controls/ControlRig_Diamond_solid.uasset" 1007
"../../../Engine/Plugins/Animation/ControlRig/Content/Controls/ControlRig_Diamond_solid.uexp" 1008
"../../../Engine/Plugins/Animation/ControlRig/Content/Controls/ControlRig_HalfCircle_1mm.ubulk" 1009
"../../../Engine/Plugins/Animation/ControlRig/Content/Controls/ControlRig_HalfCircle_1mm.uasset" 1010
"../../../Engine/Plugins/Animation/ControlRig/Content/Controls/ControlRig_HalfCircle_1mm.uexp" 1011
"../../../Engine/Plugins/Animation/ControlRig/Content/Controls/ControlRig_HalfCircle_3mm.ubulk" 1012
"../../../Engine/Plugins/Animation/ControlRig/Content/Controls/ControlRig_HalfCircle_3mm.uasset" 1013
"../../../Engine/Plugins/Animation/ControlRig/Content/Controls/ControlRig_HalfCircle_3mm.uexp" 1014
"../../../Engine/Plugins/Animation/ControlRig/Content/Controls/ControlRig_HalfCircle_solid.ubulk" 1015
"../../../Engine/Plugins/Animation/ControlRig/Content/Controls/ControlRig_HalfCircle_solid.uasset" 1016
"../../../Engine/Plugins/Animation/ControlRig/Content/Controls/ControlRig_HalfCircle_solid.uexp" 1017
"../../../Engine/Content/EngineFonts/Faces/DroidSansMono.uexp" 1018
"../../../Engine/Content/EngineFonts/Faces/DroidSansMono.uasset" 1019
"../../../Engine/Content/EngineFonts/Faces/DroidSansMono.ufont" 1020
"../../../Engine/Content/EngineFonts/DroidSansMono.uasset" 1021
"../../../Engine/Content/EngineFonts/DroidSansMono.uexp" 1022
"C:/Users/raywe/Documents/JamesWen_HelloXRWorld/LassoSwinger/LassoFP/Content/SFX/mouse-click-405462.ubulk" 1023
"C:/Users/raywe/Documents/JamesWen_HelloXRWorld/LassoSwinger/LassoFP/Content/SFX/mouse-click-405462.uasset" 1024
"C:/Users/raywe/Documents/JamesWen_HelloXRWorld/LassoSwinger/LassoFP/Content/SFX/mouse-click-405462.uexp" 1025
"C:/Users/raywe/Documents/JamesWen_HelloXRWorld/LassoSwinger/LassoFP/Content/UI/EnjoyingTreasureEnding.uasset" 1026
"C:/Users/raywe/Documents/JamesWen_HelloXRWorld/LassoSwinger/LassoFP/Content/UI/EnjoyingTreasureEnding.uexp" 1027
"C:/Users/raywe/Documents/JamesWen_HelloXRWorld/LassoSwinger/LassoFP/Content/Blueprints/WB_Ending.uasset" 1028
"C:/Users/raywe/Documents/JamesWen_HelloXRWorld/LassoSwinger/LassoFP/Content/Blueprints/WB_Ending.uexp" 1029
"C:/Users/raywe/Documents/JamesWen_HelloXRWorld/LassoSwinger/LassoFP/Content/SFX/diamond-found-190255.ubulk" 1030
"C:/Users/raywe/Documents/JamesWen_HelloXRWorld/LassoSwinger/LassoFP/Content/SFX/diamond-found-190255.uasset" 1031
"C:/Users/raywe/Documents/JamesWen_HelloXRWorld/LassoSwinger/LassoFP/Content/SFX/diamond-found-190255.uexp" 1032
"C:/Users/raywe/Documents/JamesWen_HelloXRWorld/LassoSwinger/LassoFP/Content/Maps/L_Ending.uexp" 1033
"C:/Users/raywe/Documents/JamesWen_HelloXRWorld/LassoSwinger/LassoFP/Content/Maps/L_Ending.umap" 1034
"C:/Users/raywe/Documents/JamesWen_HelloXRWorld/LassoSwinger/LassoFP/Content/UI/WhiplashForTreasureCover.uasset" 1035
"C:/Users/raywe/Documents/JamesWen_HelloXRWorld/LassoSwinger/LassoFP/Content/UI/WhiplashForTreasureCover.uexp" 1036
"C:/Users/raywe/Documents/JamesWen_HelloXRWorld/LassoSwinger/LassoFP/Content/UI/WhiplashForTreasureLogo.uasset" 1037
"C:/Users/raywe/Documents/JamesWen_HelloXRWorld/LassoSwinger/LassoFP/Content/UI/WhiplashForTreasureLogo.uexp" 1038
"C:/Users/raywe/Documents/JamesWen_HelloXRWorld/LassoSwinger/LassoFP/Content/Blueprints/WB_Menu.uasset" 1039
"C:/Users/raywe/Documents/JamesWen_HelloXRWorld/LassoSwinger/LassoFP/Content/Blueprints/WB_Menu.uexp" 1040
"C:/Users/raywe/Documents/JamesWen_HelloXRWorld/LassoSwinger/LassoFP/Content/Maps/L_Menu.uexp" 1041
"C:/Users/raywe/Documents/JamesWen_HelloXRWorld/LassoSwinger/LassoFP/Content/Maps/L_Menu.umap" 1042
"../../../Engine/Content/BasicShapes/Sphere.ubulk" 1043
"../../../Engine/Content/BasicShapes/Sphere.uasset" 1044
"../../../Engine/Content/BasicShapes/Sphere.uexp" 1045
"../../../Engine/Content/BasicShapes/Cylinder.ubulk" 1046
"../../../Engine/Content/BasicShapes/Cylinder.uasset" 1047
"../../../Engine/Content/BasicShapes/Cylinder.uexp" 1048
"../../../Engine/Content/BasicShapes/BasicShapeMaterial.uasset" 1049
"../../../Engine/Content/BasicShapes/BasicShapeMaterial.uexp" 1050
"../../../Engine/Content/EngineResources/GrayDarkTextureCube.uasset" 1051
"../../../Engine/Content/EngineResources/GrayDarkTextureCube.uexp" 1052
"../../../Engine/Content/MapTemplates/SM_Template_Map_Floor.ubulk" 1053
"../../../Engine/Content/MapTemplates/SM_Template_Map_Floor.uasset" 1054
"../../../Engine/Content/MapTemplates/SM_Template_Map_Floor.uexp" 1055
"../../../Engine/Plugins/Fab/Content/MaterialFunctions/QMF_AOAdjustments.uasset" 1056
"../../../Engine/Plugins/Fab/Content/MaterialFunctions/QMF_AOAdjustments.uexp" 1057
"../../../Engine/Plugins/Fab/Content/MaterialFunctions/QMF_BaseColorAdjustments.uasset" 1058
"../../../Engine/Plugins/Fab/Content/MaterialFunctions/QMF_BaseColorAdjustments.uexp" 1059
"../../../Engine/Plugins/Fab/Content/MaterialFunctions/QMF_NormalAdjustments.uasset" 1060
"../../../Engine/Plugins/Fab/Content/MaterialFunctions/QMF_NormalAdjustments.uexp" 1061
"../../../Engine/Plugins/Fab/Content/MaterialFunctions/QMF_RoughnessAdjustments.uasset" 1062
"../../../Engine/Plugins/Fab/Content/MaterialFunctions/QMF_RoughnessAdjustments.uexp" 1063
"../../../Engine/Plugins/Fab/Content/Textures/Standard/T_DefaultColor.uasset" 1064
"../../../Engine/Plugins/Fab/Content/Textures/Standard/T_DefaultColor.uexp" 1065
"../../../Engine/Plugins/Fab/Content/Textures/Standard/T_DefaultDisplacement.uasset" 1066
"../../../Engine/Plugins/Fab/Content/Textures/Standard/T_DefaultDisplacement.uexp" 1067
"../../../Engine/Plugins/Fab/Content/Textures/Standard/T_DefaultMasks.uasset" 1068
"../../../Engine/Plugins/Fab/Content/Textures/Standard/T_DefaultMasks.uexp" 1069
"../../../Engine/Plugins/Fab/Content/Textures/Standard/T_DefaultNormal.uasset" 1070
"../../../Engine/Plugins/Fab/Content/Textures/Standard/T_DefaultNormal.uexp" 1071
"../../../Engine/Plugins/Fab/Content/Materials/Standard/M_MS_Base.uasset" 1072
"../../../Engine/Plugins/Fab/Content/Materials/Standard/M_MS_Base.uexp" 1073
"C:/Users/raywe/Documents/JamesWen_HelloXRWorld/LassoSwinger/LassoFP/Content/Fab/Megascans/3D/Desert_Western_Cliff_Layered_XL_14_vjrmfb1ab/Medium/vjrmfb1ab_tier_2/Textures/T_vjrmfb1ab_2K_B.ubulk" 1074
"C:/Users/raywe/Documents/JamesWen_HelloXRWorld/LassoSwinger/LassoFP/Content/Fab/Megascans/3D/Desert_Western_Cliff_Layered_XL_14_vjrmfb1ab/Medium/vjrmfb1ab_tier_2/Textures/T_vjrmfb1ab_2K_B.uasset" 1075
"C:/Users/raywe/Documents/JamesWen_HelloXRWorld/LassoSwinger/LassoFP/Content/Fab/Megascans/3D/Desert_Western_Cliff_Layered_XL_14_vjrmfb1ab/Medium/vjrmfb1ab_tier_2/Textures/T_vjrmfb1ab_2K_B.uexp" 1076
"C:/Users/raywe/Documents/JamesWen_HelloXRWorld/LassoSwinger/LassoFP/Content/Fab/Megascans/3D/Desert_Western_Cliff_Layered_XL_14_vjrmfb1ab/Medium/vjrmfb1ab_tier_2/Textures/T_vjrmfb1ab_2K_N.ubulk" 1077
"C:/Users/raywe/Documents/JamesWen_HelloXRWorld/LassoSwinger/LassoFP/Content/Fab/Megascans/3D/Desert_Western_Cliff_Layered_XL_14_vjrmfb1ab/Medium/vjrmfb1ab_tier_2/Textures/T_vjrmfb1ab_2K_N.uasset" 1078
"C:/Users/raywe/Documents/JamesWen_HelloXRWorld/LassoSwinger/LassoFP/Content/Fab/Megascans/3D/Desert_Western_Cliff_Layered_XL_14_vjrmfb1ab/Medium/vjrmfb1ab_tier_2/Textures/T_vjrmfb1ab_2K_N.uexp" 1079
"C:/Users/raywe/Documents/JamesWen_HelloXRWorld/LassoSwinger/LassoFP/Content/Fab/Megascans/3D/Desert_Western_Cliff_Layered_XL_14_vjrmfb1ab/Medium/vjrmfb1ab_tier_2/Textures/T_vjrmfb1ab_2K_ORM.ubulk" 1080
"C:/Users/raywe/Documents/JamesWen_HelloXRWorld/LassoSwinger/LassoFP/Content/Fab/Megascans/3D/Desert_Western_Cliff_Layered_XL_14_vjrmfb1ab/Medium/vjrmfb1ab_tier_2/Textures/T_vjrmfb1ab_2K_ORM.uasset" 1081
"C:/Users/raywe/Documents/JamesWen_HelloXRWorld/LassoSwinger/LassoFP/Content/Fab/Megascans/3D/Desert_Western_Cliff_Layered_XL_14_vjrmfb1ab/Medium/vjrmfb1ab_tier_2/Textures/T_vjrmfb1ab_2K_ORM.uexp" 1082
"C:/Users/raywe/Documents/JamesWen_HelloXRWorld/LassoSwinger/LassoFP/Content/Fab/Megascans/3D/Desert_Western_Cliff_Layered_XL_14_vjrmfb1ab/Medium/vjrmfb1ab_tier_2/Materials/MI_vjrmfb1ab.uasset" 1083
"C:/Users/raywe/Documents/JamesWen_HelloXRWorld/LassoSwinger/LassoFP/Content/Fab/Megascans/3D/Desert_Western_Cliff_Layered_XL_14_vjrmfb1ab/Medium/vjrmfb1ab_tier_2/Materials/MI_vjrmfb1ab.uexp" 1084
"C:/Users/raywe/Documents/JamesWen_HelloXRWorld/LassoSwinger/LassoFP/Content/Fab/Megascans/3D/Desert_Western_Cliff_Layered_XL_14_vjrmfb1ab/Medium/vjrmfb1ab_tier_2/StaticMeshes/vjrmfb1ab_tier_2.ubulk" 1085
"C:/Users/raywe/Documents/JamesWen_HelloXRWorld/LassoSwinger/LassoFP/Content/Fab/Megascans/3D/Desert_Western_Cliff_Layered_XL_14_vjrmfb1ab/Medium/vjrmfb1ab_tier_2/StaticMeshes/vjrmfb1ab_tier_2.uasset" 1086
"C:/Users/raywe/Documents/JamesWen_HelloXRWorld/LassoSwinger/LassoFP/Content/Fab/Megascans/3D/Desert_Western_Cliff_Layered_XL_14_vjrmfb1ab/Medium/vjrmfb1ab_tier_2/StaticMeshes/vjrmfb1ab_tier_2.uexp" 1087
"../../../Engine/Plugins/Fab/Content/MaterialFunctions/QMF_Tiling.uasset" 1088
"../../../Engine/Plugins/Fab/Content/MaterialFunctions/QMF_Tiling.uexp" 1089
"../../../Engine/Plugins/Fab/Content/Materials/Standard/M_MS_Srf.uasset" 1090
"../../../Engine/Plugins/Fab/Content/Materials/Standard/M_MS_Srf.uexp" 1091
"C:/Users/raywe/Documents/JamesWen_HelloXRWorld/LassoSwinger/LassoFP/Content/Fab/Megascans/Surfaces/Rippled_Sand_xd0mda1/Medium/xd0mda1_tier_2/Textures/T_xd0mda1_2K_B.ubulk" 1092
"C:/Users/raywe/Documents/JamesWen_HelloXRWorld/LassoSwinger/LassoFP/Content/Fab/Megascans/Surfaces/Rippled_Sand_xd0mda1/Medium/xd0mda1_tier_2/Textures/T_xd0mda1_2K_B.uasset" 1093
"C:/Users/raywe/Documents/JamesWen_HelloXRWorld/LassoSwinger/LassoFP/Content/Fab/Megascans/Surfaces/Rippled_Sand_xd0mda1/Medium/xd0mda1_tier_2/Textures/T_xd0mda1_2K_B.uexp" 1094
"C:/Users/raywe/Documents/JamesWen_HelloXRWorld/LassoSwinger/LassoFP/Content/Fab/Megascans/Surfaces/Rippled_Sand_xd0mda1/Medium/xd0mda1_tier_2/Textures/T_xd0mda1_2K_N.ubulk" 1095
"C:/Users/raywe/Documents/JamesWen_HelloXRWorld/LassoSwinger/LassoFP/Content/Fab/Megascans/Surfaces/Rippled_Sand_xd0mda1/Medium/xd0mda1_tier_2/Textures/T_xd0mda1_2K_N.uasset" 1096
"C:/Users/raywe/Documents/JamesWen_HelloXRWorld/LassoSwinger/LassoFP/Content/Fab/Megascans/Surfaces/Rippled_Sand_xd0mda1/Medium/xd0mda1_tier_2/Textures/T_xd0mda1_2K_N.uexp" 1097
"C:/Users/raywe/Documents/JamesWen_HelloXRWorld/LassoSwinger/LassoFP/Content/Fab/Megascans/Surfaces/Rippled_Sand_xd0mda1/Medium/xd0mda1_tier_2/Textures/T_xd0mda1_2K_ORM.ubulk" 1098
"C:/Users/raywe/Documents/JamesWen_HelloXRWorld/LassoSwinger/LassoFP/Content/Fab/Megascans/Surfaces/Rippled_Sand_xd0mda1/Medium/xd0mda1_tier_2/Textures/T_xd0mda1_2K_ORM.uasset" 1099
"C:/Users/raywe/Documents/JamesWen_HelloXRWorld/LassoSwinger/LassoFP/Content/Fab/Megascans/Surfaces/Rippled_Sand_xd0mda1/Medium/xd0mda1_tier_2/Textures/T_xd0mda1_2K_ORM.uexp" 1100
"C:/Users/raywe/Documents/JamesWen_HelloXRWorld/LassoSwinger/LassoFP/Content/Fab/Megascans/Surfaces/Rippled_Sand_xd0mda1/Medium/xd0mda1_tier_2/Materials/MI_xd0mda1.uasset" 1101
"C:/Users/raywe/Documents/JamesWen_HelloXRWorld/LassoSwinger/LassoFP/Content/Fab/Megascans/Surfaces/Rippled_Sand_xd0mda1/Medium/xd0mda1_tier_2/Materials/MI_xd0mda1.uexp" 1102
"C:/Users/raywe/Documents/JamesWen_HelloXRWorld/LassoSwinger/LassoFP/Content/Blueprints/BPI_LeverInteract.uasset" 1103
"C:/Users/raywe/Documents/JamesWen_HelloXRWorld/LassoSwinger/LassoFP/Content/Blueprints/BPI_LeverInteract.uexp" 1104
"C:/Users/raywe/Documents/JamesWen_HelloXRWorld/LassoSwinger/LassoFP/Content/Textures/Gate/Gate_Base_color.ubulk" 1105
"C:/Users/raywe/Documents/JamesWen_HelloXRWorld/LassoSwinger/LassoFP/Content/Textures/Gate/Gate_Base_color.uasset" 1106
"C:/Users/raywe/Documents/JamesWen_HelloXRWorld/LassoSwinger/LassoFP/Content/Textures/Gate/Gate_Base_color.uexp" 1107
"C:/Users/raywe/Documents/JamesWen_HelloXRWorld/LassoSwinger/LassoFP/Content/Textures/Gate/Gate_Height.ubulk" 1108
"C:/Users/raywe/Documents/JamesWen_HelloXRWorld/LassoSwinger/LassoFP/Content/Textures/Gate/Gate_Height.uasset" 1109
"C:/Users/raywe/Documents/JamesWen_HelloXRWorld/LassoSwinger/LassoFP/Content/Textures/Gate/Gate_Height.uexp" 1110
"C:/Users/raywe/Documents/JamesWen_HelloXRWorld/LassoSwinger/LassoFP/Content/Textures/Gate/Gate_Metallic.ubulk" 1111
"C:/Users/raywe/Documents/JamesWen_HelloXRWorld/LassoSwinger/LassoFP/Content/Textures/Gate/Gate_Metallic.uasset" 1112
"C:/Users/raywe/Documents/JamesWen_HelloXRWorld/LassoSwinger/LassoFP/Content/Textures/Gate/Gate_Metallic.uexp" 1113
"C:/Users/raywe/Documents/JamesWen_HelloXRWorld/LassoSwinger/LassoFP/Content/Textures/Gate/Gate_Mixed_AO.ubulk" 1114
"C:/Users/raywe/Documents/JamesWen_HelloXRWorld/LassoSwinger/LassoFP/Content/Textures/Gate/Gate_Mixed_AO.uasset" 1115
"C:/Users/raywe/Documents/JamesWen_HelloXRWorld/LassoSwinger/LassoFP/Content/Textures/Gate/Gate_Mixed_AO.uexp" 1116
"C:/Users/raywe/Documents/JamesWen_HelloXRWorld/LassoSwinger/LassoFP/Content/Textures/Gate/Gate_Normal_OpenGL.ubulk" 1117
"C:/Users/raywe/Documents/JamesWen_HelloXRWorld/LassoSwinger/LassoFP/Content/Textures/Gate/Gate_Normal_OpenGL.uasset" 1118
"C:/Users/raywe/Documents/JamesWen_HelloXRWorld/LassoSwinger/LassoFP/Content/Textures/Gate/Gate_Normal_OpenGL.uexp" 1119
"C:/Users/raywe/Documents/JamesWen_HelloXRWorld/LassoSwinger/LassoFP/Content/Textures/Gate/Gate_Roughness.ubulk" 1120
"C:/Users/raywe/Documents/JamesWen_HelloXRWorld/LassoSwinger/LassoFP/Content/Textures/Gate/Gate_Roughness.uasset" 1121
"C:/Users/raywe/Documents/JamesWen_HelloXRWorld/LassoSwinger/LassoFP/Content/Textures/Gate/Gate_Roughness.uexp" 1122
"C:/Users/raywe/Documents/JamesWen_HelloXRWorld/LassoSwinger/LassoFP/Content/Materials/M_Gate.uasset" 1123
"C:/Users/raywe/Documents/JamesWen_HelloXRWorld/LassoSwinger/LassoFP/Content/Materials/M_Gate.uexp" 1124
"C:/Users/raywe/Documents/JamesWen_HelloXRWorld/LassoSwinger/LassoFP/Content/Materials/MI_Gate.uasset" 1125
"C:/Users/raywe/Documents/JamesWen_HelloXRWorld/LassoSwinger/LassoFP/Content/Materials/MI_Gate.uexp" 1126
"C:/Users/raywe/Documents/JamesWen_HelloXRWorld/LassoSwinger/LassoFP/Content/Assets/StaticMeshes/SM_Gate.ubulk" 1127
"C:/Users/raywe/Documents/JamesWen_HelloXRWorld/LassoSwinger/LassoFP/Content/Assets/StaticMeshes/SM_Gate.uasset" 1128
"C:/Users/raywe/Documents/JamesWen_HelloXRWorld/LassoSwinger/LassoFP/Content/Assets/StaticMeshes/SM_Gate.uexp" 1129
"C:/Users/raywe/Documents/JamesWen_HelloXRWorld/LassoSwinger/LassoFP/Content/SFX/tanweraman-grave-yard-iron-gate-opening-392362.ubulk" 1130
"C:/Users/raywe/Documents/JamesWen_HelloXRWorld/LassoSwinger/LassoFP/Content/SFX/tanweraman-grave-yard-iron-gate-opening-392362.uasset" 1131
"C:/Users/raywe/Documents/JamesWen_HelloXRWorld/LassoSwinger/LassoFP/Content/SFX/tanweraman-grave-yard-iron-gate-opening-392362.uexp" 1132
"C:/Users/raywe/Documents/JamesWen_HelloXRWorld/LassoSwinger/LassoFP/Content/Blueprints/BP_Gate.uasset" 1133
"C:/Users/raywe/Documents/JamesWen_HelloXRWorld/LassoSwinger/LassoFP/Content/Blueprints/BP_Gate.uexp" 1134
"../../../Engine/Content/EditorBlueprintResources/StandardMacros.uasset" 1135
"../../../Engine/Content/EditorBlueprintResources/StandardMacros.uexp" 1136
"../../../Engine/Content/EngineMaterials/DefaultPhysicalMaterial.uasset" 1137
"../../../Engine/Content/EngineMaterials/DefaultPhysicalMaterial.uexp" 1138
"C:/Users/raywe/Documents/JamesWen_HelloXRWorld/LassoSwinger/LassoFP/Content/Assets/GC_vjrmfb1ab_tier_11.ubulk" 1139
"C:/Users/raywe/Documents/JamesWen_HelloXRWorld/LassoSwinger/LassoFP/Content/Assets/GC_vjrmfb1ab_tier_11.uasset" 1140
"C:/Users/raywe/Documents/JamesWen_HelloXRWorld/LassoSwinger/LassoFP/Content/Assets/GC_vjrmfb1ab_tier_11.uexp" 1141
"C:/Users/raywe/Documents/JamesWen_HelloXRWorld/LassoSwinger/LassoFP/Content/Textures/Lever/Lever_Base_color.ubulk" 1142
"C:/Users/raywe/Documents/JamesWen_HelloXRWorld/LassoSwinger/LassoFP/Content/Textures/Lever/Lever_Base_color.uasset" 1143
"C:/Users/raywe/Documents/JamesWen_HelloXRWorld/LassoSwinger/LassoFP/Content/Textures/Lever/Lever_Base_color.uexp" 1144
"C:/Users/raywe/Documents/JamesWen_HelloXRWorld/LassoSwinger/LassoFP/Content/Textures/Lever/Lever_Height.ubulk" 1145
"C:/Users/raywe/Documents/JamesWen_HelloXRWorld/LassoSwinger/LassoFP/Content/Textures/Lever/Lever_Height.uasset" 1146
"C:/Users/raywe/Documents/JamesWen_HelloXRWorld/LassoSwinger/LassoFP/Content/Textures/Lever/Lever_Height.uexp" 1147
"C:/Users/raywe/Documents/JamesWen_HelloXRWorld/LassoSwinger/LassoFP/Content/Textures/Lever/Lever_Metallic.ubulk" 1148
"C:/Users/raywe/Documents/JamesWen_HelloXRWorld/LassoSwinger/LassoFP/Content/Textures/Lever/Lever_Metallic.uasset" 1149
"C:/Users/raywe/Documents/JamesWen_HelloXRWorld/LassoSwinger/LassoFP/Content/Textures/Lever/Lever_Metallic.uexp" 1150
"C:/Users/raywe/Documents/JamesWen_HelloXRWorld/LassoSwinger/LassoFP/Content/Textures/Lever/Lever_Mixed_AO.ubulk" 1151
"C:/Users/raywe/Documents/JamesWen_HelloXRWorld/LassoSwinger/LassoFP/Content/Textures/Lever/Lever_Mixed_AO.uasset" 1152
"C:/Users/raywe/Documents/JamesWen_HelloXRWorld/LassoSwinger/LassoFP/Content/Textures/Lever/Lever_Mixed_AO.uexp" 1153
"C:/Users/raywe/Documents/JamesWen_HelloXRWorld/LassoSwinger/LassoFP/Content/Textures/Lever/Lever_Normal.ubulk" 1154
"C:/Users/raywe/Documents/JamesWen_HelloXRWorld/LassoSwinger/LassoFP/Content/Textures/Lever/Lever_Normal.uasset" 1155
"C:/Users/raywe/Documents/JamesWen_HelloXRWorld/LassoSwinger/LassoFP/Content/Textures/Lever/Lever_Normal.uexp" 1156
"C:/Users/raywe/Documents/JamesWen_HelloXRWorld/LassoSwinger/LassoFP/Content/Textures/Lever/Lever_Roughness.ubulk" 1157
"C:/Users/raywe/Documents/JamesWen_HelloXRWorld/LassoSwinger/LassoFP/Content/Textures/Lever/Lever_Roughness.uasset" 1158
"C:/Users/raywe/Documents/JamesWen_HelloXRWorld/LassoSwinger/LassoFP/Content/Textures/Lever/Lever_Roughness.uexp" 1159
"C:/Users/raywe/Documents/JamesWen_HelloXRWorld/LassoSwinger/LassoFP/Content/Materials/M_Lever.uasset" 1160
"C:/Users/raywe/Documents/JamesWen_HelloXRWorld/LassoSwinger/LassoFP/Content/Materials/M_Lever.uexp" 1161
"C:/Users/raywe/Documents/JamesWen_HelloXRWorld/LassoSwinger/LassoFP/Content/Materials/MI_Lever.uasset" 1162
"C:/Users/raywe/Documents/JamesWen_HelloXRWorld/LassoSwinger/LassoFP/Content/Materials/MI_Lever.uexp" 1163
"../../../Engine/Plugins/Animation/ACLPlugin/Content/ACLAnimBoneCompressionSettings.uasset" 1164
"../../../Engine/Plugins/Animation/ACLPlugin/Content/ACLAnimBoneCompressionSettings.uexp" 1165
"../../../Engine/Plugins/Animation/ACLPlugin/Content/ACLAnimCurveCompressionSettings.uasset" 1166
"../../../Engine/Plugins/Animation/ACLPlugin/Content/ACLAnimCurveCompressionSettings.uexp" 1167
"../../../Engine/Content/Animation/DefaultVariableFrameStrippingSettings.uasset" 1168
"../../../Engine/Content/Animation/DefaultVariableFrameStrippingSettings.uexp" 1169
"C:/Users/raywe/Documents/JamesWen_HelloXRWorld/LassoSwinger/LassoFP/Content/Assets/Lever/Lever_Skeleton.uasset" 1170
"C:/Users/raywe/Documents/JamesWen_HelloXRWorld/LassoSwinger/LassoFP/Content/Assets/Lever/Lever_Skeleton.uexp" 1171
"C:/Users/raywe/Documents/JamesWen_HelloXRWorld/LassoSwinger/LassoFP/Content/Assets/Lever/LeverLever_Idle.uasset" 1172
"C:/Users/raywe/Documents/JamesWen_HelloXRWorld/LassoSwinger/LassoFP/Content/Assets/Lever/LeverLever_Idle.uexp" 1173
"C:/Users/raywe/Documents/JamesWen_HelloXRWorld/LassoSwinger/LassoFP/Content/Assets/Lever/LeverLever_Pull.uasset" 1174
"C:/Users/raywe/Documents/JamesWen_HelloXRWorld/LassoSwinger/LassoFP/Content/Assets/Lever/LeverLever_Pull.uexp" 1175
"C:/Users/raywe/Documents/JamesWen_HelloXRWorld/LassoSwinger/LassoFP/Content/Assets/Lever/LeverLever_Push.uasset" 1176
"C:/Users/raywe/Documents/JamesWen_HelloXRWorld/LassoSwinger/LassoFP/Content/Assets/Lever/LeverLever_Push.uexp" 1177
"C:/Users/raywe/Documents/JamesWen_HelloXRWorld/LassoSwinger/LassoFP/Content/Assets/Lever/ABP_Lever.uasset" 1178
"C:/Users/raywe/Documents/JamesWen_HelloXRWorld/LassoSwinger/LassoFP/Content/Assets/Lever/ABP_Lever.uexp" 1179
"C:/Users/raywe/Documents/JamesWen_HelloXRWorld/LassoSwinger/LassoFP/Content/Assets/Lever/Lever_PhysicsAsset.uasset" 1180
"C:/Users/raywe/Documents/JamesWen_HelloXRWorld/LassoSwinger/LassoFP/Content/Assets/Lever/Lever_PhysicsAsset.uexp" 1181
"C:/Users/raywe/Documents/JamesWen_HelloXRWorld/LassoSwinger/LassoFP/Content/Assets/Lever/Lever.uasset" 1182
"C:/Users/raywe/Documents/JamesWen_HelloXRWorld/LassoSwinger/LassoFP/Content/Assets/Lever/Lever.uexp" 1183
"C:/Users/raywe/Documents/JamesWen_HelloXRWorld/LassoSwinger/LassoFP/Content/SFX/daviddumaisaudio-steampunk-mechanical-gadget-188052.ubulk" 1184
"C:/Users/raywe/Documents/JamesWen_HelloXRWorld/LassoSwinger/LassoFP/Content/SFX/daviddumaisaudio-steampunk-mechanical-gadget-188052.uasset" 1185
"C:/Users/raywe/Documents/JamesWen_HelloXRWorld/LassoSwinger/LassoFP/Content/SFX/daviddumaisaudio-steampunk-mechanical-gadget-188052.uexp" 1186
"C:/Users/raywe/Documents/JamesWen_HelloXRWorld/LassoSwinger/LassoFP/Content/VFX_Prototyping/BP_CameraShake.uasset" 1187
"C:/Users/raywe/Documents/JamesWen_HelloXRWorld/LassoSwinger/LassoFP/Content/VFX_Prototyping/BP_CameraShake.uexp" 1188
"C:/Users/raywe/Documents/JamesWen_HelloXRWorld/LassoSwinger/LassoFP/Content/Blueprints/BP_Lever.uasset" 1189
"C:/Users/raywe/Documents/JamesWen_HelloXRWorld/LassoSwinger/LassoFP/Content/Blueprints/BP_Lever.uexp" 1190
"C:/Users/raywe/Documents/JamesWen_HelloXRWorld/LassoSwinger/LassoFP/Content/Input/Actions/IA_Jump.uasset" 1191
"C:/Users/raywe/Documents/JamesWen_HelloXRWorld/LassoSwinger/LassoFP/Content/Input/Actions/IA_Jump.uexp" 1192
"C:/Users/raywe/Documents/JamesWen_HelloXRWorld/LassoSwinger/LassoFP/Content/Input/Actions/IA_LassoRetrieve.uasset" 1193
"C:/Users/raywe/Documents/JamesWen_HelloXRWorld/LassoSwinger/LassoFP/Content/Input/Actions/IA_LassoRetrieve.uexp" 1194
"C:/Users/raywe/Documents/JamesWen_HelloXRWorld/LassoSwinger/LassoFP/Content/Input/Actions/IA_LassoThrow.uasset" 1195
"C:/Users/raywe/Documents/JamesWen_HelloXRWorld/LassoSwinger/LassoFP/Content/Input/Actions/IA_LassoThrow.uexp" 1196
"C:/Users/raywe/Documents/JamesWen_HelloXRWorld/LassoSwinger/LassoFP/Content/Input/Actions/IA_Look.uasset" 1197
"C:/Users/raywe/Documents/JamesWen_HelloXRWorld/LassoSwinger/LassoFP/Content/Input/Actions/IA_Look.uexp" 1198
"C:/Users/raywe/Documents/JamesWen_HelloXRWorld/LassoSwinger/LassoFP/Content/Input/Actions/IA_Move.uasset" 1199
"C:/Users/raywe/Documents/JamesWen_HelloXRWorld/LassoSwinger/LassoFP/Content/Input/Actions/IA_Move.uexp" 1200
"C:/Users/raywe/Documents/JamesWen_HelloXRWorld/LassoSwinger/LassoFP/Content/Input/Actions/IA_MouseLook.uasset" 1201
"C:/Users/raywe/Documents/JamesWen_HelloXRWorld/LassoSwinger/LassoFP/Content/Input/Actions/IA_MouseLook.uexp" 1202
"C:/Users/raywe/Documents/JamesWen_HelloXRWorld/LassoSwinger/LassoFP/Content/FirstPerson/Blueprints/GrappleType.uasset" 1203
"C:/Users/raywe/Documents/JamesWen_HelloXRWorld/LassoSwinger/LassoFP/Content/FirstPerson/Blueprints/GrappleType.uexp" 1204
"C:/Users/raywe/Documents/JamesWen_HelloXRWorld/LassoSwinger/LassoFP/Content/FirstPerson/Blueprints/BPI_GrappleTarget.uasset" 1205
"C:/Users/raywe/Documents/JamesWen_HelloXRWorld/LassoSwinger/LassoFP/Content/FirstPerson/Blueprints/BPI_GrappleTarget.uexp" 1206
"C:/Users/raywe/Documents/JamesWen_HelloXRWorld/LassoSwinger/LassoFP/Content/FirstPerson/Blueprints/BP_GrapplingHookPoint.uasset" 1207
"C:/Users/raywe/Documents/JamesWen_HelloXRWorld/LassoSwinger/LassoFP/Content/FirstPerson/Blueprints/BP_GrapplingHookPoint.uexp" 1208
"../../../Engine/Plugins/Interchange/Assets/Content/gltf/MaterialInstances/MI_Default_Opaque_DS.uasset" 1209
"../../../Engine/Plugins/Interchange/Assets/Content/gltf/MaterialInstances/MI_Default_Opaque_DS.uexp" 1210
"C:/Users/raywe/Documents/JamesWen_HelloXRWorld/LassoSwinger/LassoFP/Content/Fab/Treasure_Chest/treasure_chest/Textures/treasure_chest_texture_6.ubulk" 1211
"C:/Users/raywe/Documents/JamesWen_HelloXRWorld/LassoSwinger/LassoFP/Content/Fab/Treasure_Chest/treasure_chest/Textures/treasure_chest_texture_6.uasset" 1212
"C:/Users/raywe/Documents/JamesWen_HelloXRWorld/LassoSwinger/LassoFP/Content/Fab/Treasure_Chest/treasure_chest/Textures/treasure_chest_texture_6.uexp" 1213
"C:/Users/raywe/Documents/JamesWen_HelloXRWorld/LassoSwinger/LassoFP/Content/Fab/Treasure_Chest/treasure_chest/Textures/treasure_chest_texture_7.ubulk" 1214
"C:/Users/raywe/Documents/JamesWen_HelloXRWorld/LassoSwinger/LassoFP/Content/Fab/Treasure_Chest/treasure_chest/Textures/treasure_chest_texture_7.uasset" 1215
"C:/Users/raywe/Documents/JamesWen_HelloXRWorld/LassoSwinger/LassoFP/Content/Fab/Treasure_Chest/treasure_chest/Textures/treasure_chest_texture_7.uexp" 1216
"C:/Users/raywe/Documents/JamesWen_HelloXRWorld/LassoSwinger/LassoFP/Content/Fab/Treasure_Chest/treasure_chest/Textures/treasure_chest_texture_8.ubulk" 1217
"C:/Users/raywe/Documents/JamesWen_HelloXRWorld/LassoSwinger/LassoFP/Content/Fab/Treasure_Chest/treasure_chest/Textures/treasure_chest_texture_8.uasset" 1218
"C:/Users/raywe/Documents/JamesWen_HelloXRWorld/LassoSwinger/LassoFP/Content/Fab/Treasure_Chest/treasure_chest/Textures/treasure_chest_texture_8.uexp" 1219
"C:/Users/raywe/Documents/JamesWen_HelloXRWorld/LassoSwinger/LassoFP/Content/Fab/Treasure_Chest/treasure_chest/Materials/gold.uasset" 1220
"C:/Users/raywe/Documents/JamesWen_HelloXRWorld/LassoSwinger/LassoFP/Content/Fab/Treasure_Chest/treasure_chest/Materials/gold.uexp" 1221
"C:/Users/raywe/Documents/JamesWen_HelloXRWorld/LassoSwinger/LassoFP/Content/Fab/Treasure_Chest/treasure_chest/Textures/treasure_chest_texture_3.ubulk" 1222
"C:/Users/raywe/Documents/JamesWen_HelloXRWorld/LassoSwinger/LassoFP/Content/Fab/Treasure_Chest/treasure_chest/Textures/treasure_chest_texture_3.uasset" 1223
"C:/Users/raywe/Documents/JamesWen_HelloXRWorld/LassoSwinger/LassoFP/Content/Fab/Treasure_Chest/treasure_chest/Textures/treasure_chest_texture_3.uexp" 1224
"C:/Users/raywe/Documents/JamesWen_HelloXRWorld/LassoSwinger/LassoFP/Content/Fab/Treasure_Chest/treasure_chest/Textures/treasure_chest_texture_4.ubulk" 1225
"C:/Users/raywe/Documents/JamesWen_HelloXRWorld/LassoSwinger/LassoFP/Content/Fab/Treasure_Chest/treasure_chest/Textures/treasure_chest_texture_4.uasset" 1226
"C:/Users/raywe/Documents/JamesWen_HelloXRWorld/LassoSwinger/LassoFP/Content/Fab/Treasure_Chest/treasure_chest/Textures/treasure_chest_texture_4.uexp" 1227
"C:/Users/raywe/Documents/JamesWen_HelloXRWorld/LassoSwinger/LassoFP/Content/Fab/Treasure_Chest/treasure_chest/Textures/treasure_chest_texture_5.ubulk" 1228
"C:/Users/raywe/Documents/JamesWen_HelloXRWorld/LassoSwinger/LassoFP/Content/Fab/Treasure_Chest/treasure_chest/Textures/treasure_chest_texture_5.uasset" 1229
"C:/Users/raywe/Documents/JamesWen_HelloXRWorld/LassoSwinger/LassoFP/Content/Fab/Treasure_Chest/treasure_chest/Textures/treasure_chest_texture_5.uexp" 1230
"C:/Users/raywe/Documents/JamesWen_HelloXRWorld/LassoSwinger/LassoFP/Content/Fab/Treasure_Chest/treasure_chest/Materials/metall_chest.uasset" 1231
"C:/Users/raywe/Documents/JamesWen_HelloXRWorld/LassoSwinger/LassoFP/Content/Fab/Treasure_Chest/treasure_chest/Materials/metall_chest.uexp" 1232
"C:/Users/raywe/Documents/JamesWen_HelloXRWorld/LassoSwinger/LassoFP/Content/Fab/Treasure_Chest/treasure_chest/Textures/treasure_chest_texture_0.ubulk" 1233
"C:/Users/raywe/Documents/JamesWen_HelloXRWorld/LassoSwinger/LassoFP/Content/Fab/Treasure_Chest/treasure_chest/Textures/treasure_chest_texture_0.uasset" 1234
"C:/Users/raywe/Documents/JamesWen_HelloXRWorld/LassoSwinger/LassoFP/Content/Fab/Treasure_Chest/treasure_chest/Textures/treasure_chest_texture_0.uexp" 1235
"C:/Users/raywe/Documents/JamesWen_HelloXRWorld/LassoSwinger/LassoFP/Content/Fab/Treasure_Chest/treasure_chest/Textures/treasure_chest_texture_1.ubulk" 1236
"C:/Users/raywe/Documents/JamesWen_HelloXRWorld/LassoSwinger/LassoFP/Content/Fab/Treasure_Chest/treasure_chest/Textures/treasure_chest_texture_1.uasset" 1237
"C:/Users/raywe/Documents/JamesWen_HelloXRWorld/LassoSwinger/LassoFP/Content/Fab/Treasure_Chest/treasure_chest/Textures/treasure_chest_texture_1.uexp" 1238
"C:/Users/raywe/Documents/JamesWen_HelloXRWorld/LassoSwinger/LassoFP/Content/Fab/Treasure_Chest/treasure_chest/Textures/treasure_chest_texture_2.ubulk" 1239
"C:/Users/raywe/Documents/JamesWen_HelloXRWorld/LassoSwinger/LassoFP/Content/Fab/Treasure_Chest/treasure_chest/Textures/treasure_chest_texture_2.uasset" 1240
"C:/Users/raywe/Documents/JamesWen_HelloXRWorld/LassoSwinger/LassoFP/Content/Fab/Treasure_Chest/treasure_chest/Textures/treasure_chest_texture_2.uexp" 1241
"C:/Users/raywe/Documents/JamesWen_HelloXRWorld/LassoSwinger/LassoFP/Content/Fab/Treasure_Chest/treasure_chest/Materials/wood_chest.uasset" 1242
"C:/Users/raywe/Documents/JamesWen_HelloXRWorld/LassoSwinger/LassoFP/Content/Fab/Treasure_Chest/treasure_chest/Materials/wood_chest.uexp" 1243
"C:/Users/raywe/Documents/JamesWen_HelloXRWorld/LassoSwinger/LassoFP/Content/Fab/Treasure_Chest/treasure_chest/StaticMeshes/treasure_chest.ubulk" 1244
"C:/Users/raywe/Documents/JamesWen_HelloXRWorld/LassoSwinger/LassoFP/Content/Fab/Treasure_Chest/treasure_chest/StaticMeshes/treasure_chest.uasset" 1245
"C:/Users/raywe/Documents/JamesWen_HelloXRWorld/LassoSwinger/LassoFP/Content/Fab/Treasure_Chest/treasure_chest/StaticMeshes/treasure_chest.uexp" 1246
"C:/Users/raywe/Documents/JamesWen_HelloXRWorld/LassoSwinger/LassoFP/Content/FirstPerson/Blueprints/BP_TreasureChest.uasset" 1247
"C:/Users/raywe/Documents/JamesWen_HelloXRWorld/LassoSwinger/LassoFP/Content/FirstPerson/Blueprints/BP_TreasureChest.uexp" 1248
"C:/Users/raywe/Documents/JamesWen_HelloXRWorld/LassoSwinger/LassoFP/Content/SFX/simple-whoosh-382724.ubulk" 1249
"C:/Users/raywe/Documents/JamesWen_HelloXRWorld/LassoSwinger/LassoFP/Content/SFX/simple-whoosh-382724.uasset" 1250
"C:/Users/raywe/Documents/JamesWen_HelloXRWorld/LassoSwinger/LassoFP/Content/SFX/simple-whoosh-382724.uexp" 1251
"C:/Users/raywe/Documents/JamesWen_HelloXRWorld/LassoSwinger/LassoFP/Content/SFX/WhipShorter.ubulk" 1252
"C:/Users/raywe/Documents/JamesWen_HelloXRWorld/LassoSwinger/LassoFP/Content/SFX/WhipShorter.uasset" 1253
"C:/Users/raywe/Documents/JamesWen_HelloXRWorld/LassoSwinger/LassoFP/Content/SFX/WhipShorter.uexp" 1254
"C:/Users/raywe/Documents/JamesWen_HelloXRWorld/LassoSwinger/LassoFP/Content/VFX_Prototyping/Materials/M_GrabIndicator.uasset" 1255
"C:/Users/raywe/Documents/JamesWen_HelloXRWorld/LassoSwinger/LassoFP/Content/VFX_Prototyping/Materials/M_GrabIndicator.uexp" 1256
"C:/Users/raywe/Documents/JamesWen_HelloXRWorld/LassoSwinger/LassoFP/Content/Assets/ArmRig/ArmRig_Skeleton.uasset" 1257
"C:/Users/raywe/Documents/JamesWen_HelloXRWorld/LassoSwinger/LassoFP/Content/Assets/ArmRig/ArmRig_Skeleton.uexp" 1258
"C:/Users/raywe/Documents/JamesWen_HelloXRWorld/LassoSwinger/LassoFP/Content/Assets/ArmRig/ArmRigHumanFPS_HoldingLasso.uasset" 1259
"C:/Users/raywe/Documents/JamesWen_HelloXRWorld/LassoSwinger/LassoFP/Content/Assets/ArmRig/ArmRigHumanFPS_HoldingLasso.uexp" 1260
"C:/Users/raywe/Documents/JamesWen_HelloXRWorld/LassoSwinger/LassoFP/Content/Assets/ArmRig/ArmRigHumanFPS_Idle.uasset" 1261
"C:/Users/raywe/Documents/JamesWen_HelloXRWorld/LassoSwinger/LassoFP/Content/Assets/ArmRig/ArmRigHumanFPS_Idle.uexp" 1262
"C:/Users/raywe/Documents/JamesWen_HelloXRWorld/LassoSwinger/LassoFP/Content/Assets/ArmRig/ArmRigHumanFPS_Pull.uasset" 1263
"C:/Users/raywe/Documents/JamesWen_HelloXRWorld/LassoSwinger/LassoFP/Content/Assets/ArmRig/ArmRigHumanFPS_Pull.uexp" 1264
"C:/Users/raywe/Documents/JamesWen_HelloXRWorld/LassoSwinger/LassoFP/Content/Assets/ArmRig/ArmRigHumanFPS_Run.uasset" 1265
"C:/Users/raywe/Documents/JamesWen_HelloXRWorld/LassoSwinger/LassoFP/Content/Assets/ArmRig/ArmRigHumanFPS_Run.uexp" 1266
"C:/Users/raywe/Documents/JamesWen_HelloXRWorld/LassoSwinger/LassoFP/Content/Assets/ArmRig/ArmRigHumanFPS_Throw.uasset" 1267
"C:/Users/raywe/Documents/JamesWen_HelloXRWorld/LassoSwinger/LassoFP/Content/Assets/ArmRig/ArmRigHumanFPS_Throw.uexp" 1268
"C:/Users/raywe/Documents/JamesWen_HelloXRWorld/LassoSwinger/LassoFP/Content/Assets/ArmRig/ABP_ArmRig.uasset" 1269
"C:/Users/raywe/Documents/JamesWen_HelloXRWorld/LassoSwinger/LassoFP/Content/Assets/ArmRig/ABP_ArmRig.uexp" 1270
"C:/Users/raywe/Documents/JamesWen_HelloXRWorld/LassoSwinger/LassoFP/Content/Textures/Arms/Arms_Base_color.ubulk" 1271
"C:/Users/raywe/Documents/JamesWen_HelloXRWorld/LassoSwinger/LassoFP/Content/Textures/Arms/Arms_Base_color.uasset" 1272
"C:/Users/raywe/Documents/JamesWen_HelloXRWorld/LassoSwinger/LassoFP/Content/Textures/Arms/Arms_Base_color.uexp" 1273
"C:/Users/raywe/Documents/JamesWen_HelloXRWorld/LassoSwinger/LassoFP/Content/Textures/Arms/Arms_Height.ubulk" 1274
"C:/Users/raywe/Documents/JamesWen_HelloXRWorld/LassoSwinger/LassoFP/Content/Textures/Arms/Arms_Height.uasset" 1275
"C:/Users/raywe/Documents/JamesWen_HelloXRWorld/LassoSwinger/LassoFP/Content/Textures/Arms/Arms_Height.uexp" 1276
"C:/Users/raywe/Documents/JamesWen_HelloXRWorld/LassoSwinger/LassoFP/Content/Textures/Arms/Arms_Metallic.ubulk" 1277
"C:/Users/raywe/Documents/JamesWen_HelloXRWorld/LassoSwinger/LassoFP/Content/Textures/Arms/Arms_Metallic.uasset" 1278
"C:/Users/raywe/Documents/JamesWen_HelloXRWorld/LassoSwinger/LassoFP/Content/Textures/Arms/Arms_Metallic.uexp" 1279
"C:/Users/raywe/Documents/JamesWen_HelloXRWorld/LassoSwinger/LassoFP/Content/Textures/Arms/Arms_Mixed_AO.ubulk" 1280
"C:/Users/raywe/Documents/JamesWen_HelloXRWorld/LassoSwinger/LassoFP/Content/Textures/Arms/Arms_Mixed_AO.uasset" 1281
"C:/Users/raywe/Documents/JamesWen_HelloXRWorld/LassoSwinger/LassoFP/Content/Textures/Arms/Arms_Mixed_AO.uexp" 1282
"C:/Users/raywe/Documents/JamesWen_HelloXRWorld/LassoSwinger/LassoFP/Content/Textures/Arms/Arms_Normal_OpenGL.ubulk" 1283
"C:/Users/raywe/Documents/JamesWen_HelloXRWorld/LassoSwinger/LassoFP/Content/Textures/Arms/Arms_Normal_OpenGL.uasset" 1284
"C:/Users/raywe/Documents/JamesWen_HelloXRWorld/LassoSwinger/LassoFP/Content/Textures/Arms/Arms_Normal_OpenGL.uexp" 1285
"C:/Users/raywe/Documents/JamesWen_HelloXRWorld/LassoSwinger/LassoFP/Content/Textures/Arms/Arms_Roughness.ubulk" 1286
"C:/Users/raywe/Documents/JamesWen_HelloXRWorld/LassoSwinger/LassoFP/Content/Textures/Arms/Arms_Roughness.uasset" 1287
"C:/Users/raywe/Documents/JamesWen_HelloXRWorld/LassoSwinger/LassoFP/Content/Textures/Arms/Arms_Roughness.uexp" 1288
"C:/Users/raywe/Documents/JamesWen_HelloXRWorld/LassoSwinger/LassoFP/Content/Materials/M_Arms.uasset" 1289
"C:/Users/raywe/Documents/JamesWen_HelloXRWorld/LassoSwinger/LassoFP/Content/Materials/M_Arms.uexp" 1290
"C:/Users/raywe/Documents/JamesWen_HelloXRWorld/LassoSwinger/LassoFP/Content/Materials/MI_Arms.uasset" 1291
"C:/Users/raywe/Documents/JamesWen_HelloXRWorld/LassoSwinger/LassoFP/Content/Materials/MI_Arms.uexp" 1292
"C:/Users/raywe/Documents/JamesWen_HelloXRWorld/LassoSwinger/LassoFP/Content/Assets/ArmRig/ArmRig_PhysicsAsset.uasset" 1293
"C:/Users/raywe/Documents/JamesWen_HelloXRWorld/LassoSwinger/LassoFP/Content/Assets/ArmRig/ArmRig_PhysicsAsset.uexp" 1294
"C:/Users/raywe/Documents/JamesWen_HelloXRWorld/LassoSwinger/LassoFP/Content/Assets/ArmRig/ArmRig.uasset" 1295
"C:/Users/raywe/Documents/JamesWen_HelloXRWorld/LassoSwinger/LassoFP/Content/Assets/ArmRig/ArmRig.uexp" 1296
"../../../Engine/Plugins/Animation/ControlRig/Content/Controls/DefaultGizmoLibraryNormalized.uasset" 1297
"../../../Engine/Plugins/Animation/ControlRig/Content/Controls/DefaultGizmoLibraryNormalized.uexp" 1298
"C:/Users/raywe/Documents/JamesWen_HelloXRWorld/LassoSwinger/LassoFP/Content/FirstPerson/Anims/CtrlRig_FPWarp.uasset" 1299
"C:/Users/raywe/Documents/JamesWen_HelloXRWorld/LassoSwinger/LassoFP/Content/FirstPerson/Anims/CtrlRig_FPWarp.uexp" 1300
"C:/Users/raywe/Documents/JamesWen_HelloXRWorld/LassoSwinger/LassoFP/Content/Characters/Mannequins/Meshes/SK_Mannequin.uasset" 1301
"C:/Users/raywe/Documents/JamesWen_HelloXRWorld/LassoSwinger/LassoFP/Content/Characters/Mannequins/Meshes/SK_Mannequin.uexp" 1302
"C:/Users/raywe/Documents/JamesWen_HelloXRWorld/LassoSwinger/LassoFP/Content/FirstPerson/Anims/ABP_FP_Copy.uasset" 1303
"C:/Users/raywe/Documents/JamesWen_HelloXRWorld/LassoSwinger/LassoFP/Content/FirstPerson/Anims/ABP_FP_Copy.uexp" 1304
"C:/Users/raywe/Documents/JamesWen_HelloXRWorld/LassoSwinger/LassoFP/Content/Characters/Mannequins/Rigs/PA_Mannequin.uasset" 1305
"C:/Users/raywe/Documents/JamesWen_HelloXRWorld/LassoSwinger/LassoFP/Content/Characters/Mannequins/Rigs/PA_Mannequin.uexp" 1306
"C:/Users/raywe/Documents/JamesWen_HelloXRWorld/LassoSwinger/LassoFP/Content/Characters/Mannequins/Textures/Manny/T_Manny_01_BN.ubulk" 1307
"C:/Users/raywe/Documents/JamesWen_HelloXRWorld/LassoSwinger/LassoFP/Content/Characters/Mannequins/Textures/Manny/T_Manny_01_BN.uasset" 1308
"C:/Users/raywe/Documents/JamesWen_HelloXRWorld/LassoSwinger/LassoFP/Content/Characters/Mannequins/Textures/Manny/T_Manny_01_BN.uexp" 1309
"C:/Users/raywe/Documents/JamesWen_HelloXRWorld/LassoSwinger/LassoFP/Content/Characters/Mannequins/Textures/Manny/T_Manny_01_D.ubulk" 1310
"C:/Users/raywe/Documents/JamesWen_HelloXRWorld/LassoSwinger/LassoFP/Content/Characters/Mannequins/Textures/Manny/T_Manny_01_D.uasset" 1311
"C:/Users/raywe/Documents/JamesWen_HelloXRWorld/LassoSwinger/LassoFP/Content/Characters/Mannequins/Textures/Manny/T_Manny_01_D.uexp" 1312
"C:/Users/raywe/Documents/JamesWen_HelloXRWorld/LassoSwinger/LassoFP/Content/Characters/Mannequins/Textures/Manny/T_Manny_01_MRA.ubulk" 1313
"C:/Users/raywe/Documents/JamesWen_HelloXRWorld/LassoSwinger/LassoFP/Content/Characters/Mannequins/Textures/Manny/T_Manny_01_MRA.uasset" 1314
"C:/Users/raywe/Documents/JamesWen_HelloXRWorld/LassoSwinger/LassoFP/Content/Characters/Mannequins/Textures/Manny/T_Manny_01_MRA.uexp" 1315
"C:/Users/raywe/Documents/JamesWen_HelloXRWorld/LassoSwinger/LassoFP/Content/Characters/Mannequins/Textures/Shared/T_UE_Logo_M.uasset" 1316
"C:/Users/raywe/Documents/JamesWen_HelloXRWorld/LassoSwinger/LassoFP/Content/Characters/Mannequins/Textures/Shared/T_UE_Logo_M.uexp" 1317
"C:/Users/raywe/Documents/JamesWen_HelloXRWorld/LassoSwinger/LassoFP/Content/Characters/Mannequins/Materials/M_Mannequin.uasset" 1318
"C:/Users/raywe/Documents/JamesWen_HelloXRWorld/LassoSwinger/LassoFP/Content/Characters/Mannequins/Materials/M_Mannequin.uexp" 1319
"C:/Users/raywe/Documents/JamesWen_HelloXRWorld/LassoSwinger/LassoFP/Content/Characters/Mannequins/Materials/Manny/MI_Manny_01_New.uasset" 1320
"C:/Users/raywe/Documents/JamesWen_HelloXRWorld/LassoSwinger/LassoFP/Content/Characters/Mannequins/Materials/Manny/MI_Manny_01_New.uexp" 1321
"C:/Users/raywe/Documents/JamesWen_HelloXRWorld/LassoSwinger/LassoFP/Content/Characters/Mannequins/Textures/Manny/T_Manny_02_BN.ubulk" 1322
"C:/Users/raywe/Documents/JamesWen_HelloXRWorld/LassoSwinger/LassoFP/Content/Characters/Mannequins/Textures/Manny/T_Manny_02_BN.uasset" 1323
"C:/Users/raywe/Documents/JamesWen_HelloXRWorld/LassoSwinger/LassoFP/Content/Characters/Mannequins/Textures/Manny/T_Manny_02_BN.uexp" 1324
"C:/Users/raywe/Documents/JamesWen_HelloXRWorld/LassoSwinger/LassoFP/Content/Characters/Mannequins/Textures/Manny/T_Manny_02_D.ubulk" 1325
"C:/Users/raywe/Documents/JamesWen_HelloXRWorld/LassoSwinger/LassoFP/Content/Characters/Mannequins/Textures/Manny/T_Manny_02_D.uasset" 1326
"C:/Users/raywe/Documents/JamesWen_HelloXRWorld/LassoSwinger/LassoFP/Content/Characters/Mannequins/Textures/Manny/T_Manny_02_D.uexp" 1327
"C:/Users/raywe/Documents/JamesWen_HelloXRWorld/LassoSwinger/LassoFP/Content/Characters/Mannequins/Textures/Manny/T_Manny_02_MRA.ubulk" 1328
"C:/Users/raywe/Documents/JamesWen_HelloXRWorld/LassoSwinger/LassoFP/Content/Characters/Mannequins/Textures/Manny/T_Manny_02_MRA.uasset" 1329
"C:/Users/raywe/Documents/JamesWen_HelloXRWorld/LassoSwinger/LassoFP/Content/Characters/Mannequins/Textures/Manny/T_Manny_02_MRA.uexp" 1330
"C:/Users/raywe/Documents/JamesWen_HelloXRWorld/LassoSwinger/LassoFP/Content/Characters/Mannequins/Materials/Manny/MI_Manny_02_New.uasset" 1331
"C:/Users/raywe/Documents/JamesWen_HelloXRWorld/LassoSwinger/LassoFP/Content/Characters/Mannequins/Materials/Manny/MI_Manny_02_New.uexp" 1332
"C:/Users/raywe/Documents/JamesWen_HelloXRWorld/LassoSwinger/LassoFP/Content/Characters/Mannequins/Meshes/SKM_Manny_Simple.uasset" 1333
"C:/Users/raywe/Documents/JamesWen_HelloXRWorld/LassoSwinger/LassoFP/Content/Characters/Mannequins/Meshes/SKM_Manny_Simple.uexp" 1334
"C:/Users/raywe/Documents/JamesWen_HelloXRWorld/LassoSwinger/LassoFP/Content/FirstPerson/Blueprints/WB_MessageOnScreen.uasset" 1335
"C:/Users/raywe/Documents/JamesWen_HelloXRWorld/LassoSwinger/LassoFP/Content/FirstPerson/Blueprints/WB_MessageOnScreen.uexp" 1336
"C:/Users/raywe/Documents/JamesWen_HelloXRWorld/LassoSwinger/LassoFP/Content/Input/Touch/BPI_TouchInterface.uasset" 1337
"C:/Users/raywe/Documents/JamesWen_HelloXRWorld/LassoSwinger/LassoFP/Content/Input/Touch/BPI_TouchInterface.uexp" 1338
"../../../Engine/Content/MobileResources/HUD/VirtualJoystick_Thumb.uasset" 1339
"../../../Engine/Content/MobileResources/HUD/VirtualJoystick_Thumb.uexp" 1340
"../../../Engine/Content/MobileResources/HUD/VirtualJoystick_Background.uasset" 1341
"../../../Engine/Content/MobileResources/HUD/VirtualJoystick_Background.uexp" 1342
"C:/Users/raywe/Documents/JamesWen_HelloXRWorld/LassoSwinger/LassoFP/Content/Input/Touch/UI_Thumbstick.uasset" 1343
"C:/Users/raywe/Documents/JamesWen_HelloXRWorld/LassoSwinger/LassoFP/Content/Input/Touch/UI_Thumbstick.uexp" 1344
"C:/Users/raywe/Documents/JamesWen_HelloXRWorld/LassoSwinger/LassoFP/Content/Input/Touch/UI_TouchSimple.uasset" 1345
"C:/Users/raywe/Documents/JamesWen_HelloXRWorld/LassoSwinger/LassoFP/Content/Input/Touch/UI_TouchSimple.uexp" 1346
"C:/Users/raywe/Documents/JamesWen_HelloXRWorld/LassoSwinger/LassoFP/Content/FirstPerson/Blueprints/GrappleMode.uasset" 1347
"C:/Users/raywe/Documents/JamesWen_HelloXRWorld/LassoSwinger/LassoFP/Content/FirstPerson/Blueprints/GrappleMode.uexp" 1348
"C:/Users/raywe/Documents/JamesWen_HelloXRWorld/LassoSwinger/LassoFP/Content/Characters/Mannequins/Rigs/CR_Mannequin_FootIK.uasset" 1349
"C:/Users/raywe/Documents/JamesWen_HelloXRWorld/LassoSwinger/LassoFP/Content/Characters/Mannequins/Rigs/CR_Mannequin_FootIK.uexp" 1350
"../../../Engine/Content/Animation/DefaultAnimBoneCompressionSettings.uasset" 1351
"../../../Engine/Content/Animation/DefaultAnimBoneCompressionSettings.uexp" 1352
"../../../Engine/Content/Animation/DefaultAnimCurveCompressionSettings.uasset" 1353
"../../../Engine/Content/Animation/DefaultAnimCurveCompressionSettings.uexp" 1354
"C:/Users/raywe/Documents/JamesWen_HelloXRWorld/LassoSwinger/LassoFP/Content/Characters/Mannequins/Anims/Unarmed/MM_Idle.uasset" 1355
"C:/Users/raywe/Documents/JamesWen_HelloXRWorld/LassoSwinger/LassoFP/Content/Characters/Mannequins/Anims/Unarmed/MM_Idle.uexp" 1356
"C:/Users/raywe/Documents/JamesWen_HelloXRWorld/LassoSwinger/LassoFP/Content/Characters/Mannequins/Anims/Unarmed/Jog/MF_Unarmed_Jog_Bwd.uasset" 1357
"C:/Users/raywe/Documents/JamesWen_HelloXRWorld/LassoSwinger/LassoFP/Content/Characters/Mannequins/Anims/Unarmed/Jog/MF_Unarmed_Jog_Bwd.uexp" 1358
"../../../Engine/Content/Animation/DefaultRecorderBoneCompression.uasset" 1359
"../../../Engine/Content/Animation/DefaultRecorderBoneCompression.uexp" 1360
"C:/Users/raywe/Documents/JamesWen_HelloXRWorld/LassoSwinger/LassoFP/Content/Characters/Mannequins/Anims/Unarmed/Jog/MF_Unarmed_Jog_Bwd_Left.uasset" 1361
"C:/Users/raywe/Documents/JamesWen_HelloXRWorld/LassoSwinger/LassoFP/Content/Characters/Mannequins/Anims/Unarmed/Jog/MF_Unarmed_Jog_Bwd_Left.uexp" 1362
"C:/Users/raywe/Documents/JamesWen_HelloXRWorld/LassoSwinger/LassoFP/Content/Characters/Mannequins/Anims/Unarmed/Jog/MF_Unarmed_Jog_Bwd_Right.uasset" 1363
"C:/Users/raywe/Documents/JamesWen_HelloXRWorld/LassoSwinger/LassoFP/Content/Characters/Mannequins/Anims/Unarmed/Jog/MF_Unarmed_Jog_Bwd_Right.uexp" 1364
"C:/Users/raywe/Documents/JamesWen_HelloXRWorld/LassoSwinger/LassoFP/Content/Characters/Mannequins/Anims/Unarmed/Jog/MF_Unarmed_Jog_Fwd.uasset" 1365
"C:/Users/raywe/Documents/JamesWen_HelloXRWorld/LassoSwinger/LassoFP/Content/Characters/Mannequins/Anims/Unarmed/Jog/MF_Unarmed_Jog_Fwd.uexp" 1366
"C:/Users/raywe/Documents/JamesWen_HelloXRWorld/LassoSwinger/LassoFP/Content/Characters/Mannequins/Anims/Unarmed/Jog/MF_Unarmed_Jog_Fwd_Left.uasset" 1367
"C:/Users/raywe/Documents/JamesWen_HelloXRWorld/LassoSwinger/LassoFP/Content/Characters/Mannequins/Anims/Unarmed/Jog/MF_Unarmed_Jog_Fwd_Left.uexp" 1368
"C:/Users/raywe/Documents/JamesWen_HelloXRWorld/LassoSwinger/LassoFP/Content/Characters/Mannequins/Anims/Unarmed/Jog/MF_Unarmed_Jog_Fwd_Right.uasset" 1369
"C:/Users/raywe/Documents/JamesWen_HelloXRWorld/LassoSwinger/LassoFP/Content/Characters/Mannequins/Anims/Unarmed/Jog/MF_Unarmed_Jog_Fwd_Right.uexp" 1370
"C:/Users/raywe/Documents/JamesWen_HelloXRWorld/LassoSwinger/LassoFP/Content/Characters/Mannequins/Anims/Unarmed/Jog/MF_Unarmed_Jog_Left.uasset" 1371
"C:/Users/raywe/Documents/JamesWen_HelloXRWorld/LassoSwinger/LassoFP/Content/Characters/Mannequins/Anims/Unarmed/Jog/MF_Unarmed_Jog_Left.uexp" 1372
"C:/Users/raywe/Documents/JamesWen_HelloXRWorld/LassoSwinger/LassoFP/Content/Characters/Mannequins/Anims/Unarmed/Jog/MF_Unarmed_Jog_Right.uasset" 1373
"C:/Users/raywe/Documents/JamesWen_HelloXRWorld/LassoSwinger/LassoFP/Content/Characters/Mannequins/Anims/Unarmed/Jog/MF_Unarmed_Jog_Right.uexp" 1374
"C:/Users/raywe/Documents/JamesWen_HelloXRWorld/LassoSwinger/LassoFP/Content/Characters/Mannequins/Anims/Unarmed/Walk/MF_Unarmed_Walk_Bwd.uasset" 1375
"C:/Users/raywe/Documents/JamesWen_HelloXRWorld/LassoSwinger/LassoFP/Content/Characters/Mannequins/Anims/Unarmed/Walk/MF_Unarmed_Walk_Bwd.uexp" 1376
"C:/Users/raywe/Documents/JamesWen_HelloXRWorld/LassoSwinger/LassoFP/Content/Characters/Mannequins/Anims/Unarmed/Walk/MF_Unarmed_Walk_Bwd_Left.uasset" 1377
"C:/Users/raywe/Documents/JamesWen_HelloXRWorld/LassoSwinger/LassoFP/Content/Characters/Mannequins/Anims/Unarmed/Walk/MF_Unarmed_Walk_Bwd_Left.uexp" 1378
"C:/Users/raywe/Documents/JamesWen_HelloXRWorld/LassoSwinger/LassoFP/Content/Characters/Mannequins/Anims/Unarmed/Walk/MF_Unarmed_Walk_Bwd_Right.uasset" 1379
"C:/Users/raywe/Documents/JamesWen_HelloXRWorld/LassoSwinger/LassoFP/Content/Characters/Mannequins/Anims/Unarmed/Walk/MF_Unarmed_Walk_Bwd_Right.uexp" 1380
"C:/Users/raywe/Documents/JamesWen_HelloXRWorld/LassoSwinger/LassoFP/Content/Characters/Mannequins/Anims/Unarmed/Walk/MF_Unarmed_Walk_Fwd.uasset" 1381
"C:/Users/raywe/Documents/JamesWen_HelloXRWorld/LassoSwinger/LassoFP/Content/Characters/Mannequins/Anims/Unarmed/Walk/MF_Unarmed_Walk_Fwd.uexp" 1382
"C:/Users/raywe/Documents/JamesWen_HelloXRWorld/LassoSwinger/LassoFP/Content/Characters/Mannequins/Anims/Unarmed/Walk/MF_Unarmed_Walk_Fwd_Left.uasset" 1383
"C:/Users/raywe/Documents/JamesWen_HelloXRWorld/LassoSwinger/LassoFP/Content/Characters/Mannequins/Anims/Unarmed/Walk/MF_Unarmed_Walk_Fwd_Left.uexp" 1384
"C:/Users/raywe/Documents/JamesWen_HelloXRWorld/LassoSwinger/LassoFP/Content/Characters/Mannequins/Anims/Unarmed/Walk/MF_Unarmed_Walk_Fwd_Right.uasset" 1385
"C:/Users/raywe/Documents/JamesWen_HelloXRWorld/LassoSwinger/LassoFP/Content/Characters/Mannequins/Anims/Unarmed/Walk/MF_Unarmed_Walk_Fwd_Right.uexp" 1386
"C:/Users/raywe/Documents/JamesWen_HelloXRWorld/LassoSwinger/LassoFP/Content/Characters/Mannequins/Anims/Unarmed/Walk/MF_Unarmed_Walk_Left.uasset" 1387
"C:/Users/raywe/Documents/JamesWen_HelloXRWorld/LassoSwinger/LassoFP/Content/Characters/Mannequins/Anims/Unarmed/Walk/MF_Unarmed_Walk_Left.uexp" 1388
"C:/Users/raywe/Documents/JamesWen_HelloXRWorld/LassoSwinger/LassoFP/Content/Characters/Mannequins/Anims/Unarmed/Walk/MF_Unarmed_Walk_Right.uasset" 1389
"C:/Users/raywe/Documents/JamesWen_HelloXRWorld/LassoSwinger/LassoFP/Content/Characters/Mannequins/Anims/Unarmed/Walk/MF_Unarmed_Walk_Right.uexp" 1390
"C:/Users/raywe/Documents/JamesWen_HelloXRWorld/LassoSwinger/LassoFP/Content/Characters/Mannequins/Anims/Unarmed/BS_Idle_Walk_Run.uasset" 1391
"C:/Users/raywe/Documents/JamesWen_HelloXRWorld/LassoSwinger/LassoFP/Content/Characters/Mannequins/Anims/Unarmed/BS_Idle_Walk_Run.uexp" 1392
"C:/Users/raywe/Documents/JamesWen_HelloXRWorld/LassoSwinger/LassoFP/Content/Characters/Mannequins/Anims/Unarmed/Jump/MM_Fall_Loop.uasset" 1393
"C:/Users/raywe/Documents/JamesWen_HelloXRWorld/LassoSwinger/LassoFP/Content/Characters/Mannequins/Anims/Unarmed/Jump/MM_Fall_Loop.uexp" 1394
"C:/Users/raywe/Documents/JamesWen_HelloXRWorld/LassoSwinger/LassoFP/Content/Characters/Mannequins/Anims/Unarmed/Jump/MM_Jump.uasset" 1395
"C:/Users/raywe/Documents/JamesWen_HelloXRWorld/LassoSwinger/LassoFP/Content/Characters/Mannequins/Anims/Unarmed/Jump/MM_Jump.uexp" 1396
"C:/Users/raywe/Documents/JamesWen_HelloXRWorld/LassoSwinger/LassoFP/Content/Characters/Mannequins/Anims/Unarmed/Jump/MM_Land.uasset" 1397
"C:/Users/raywe/Documents/JamesWen_HelloXRWorld/LassoSwinger/LassoFP/Content/Characters/Mannequins/Anims/Unarmed/Jump/MM_Land.uexp" 1398
"C:/Users/raywe/Documents/JamesWen_HelloXRWorld/LassoSwinger/LassoFP/Content/Characters/Mannequins/Anims/Unarmed/ABP_Unarmed.uasset" 1399
"C:/Users/raywe/Documents/JamesWen_HelloXRWorld/LassoSwinger/LassoFP/Content/Characters/Mannequins/Anims/Unarmed/ABP_Unarmed.uexp" 1400
"C:/Users/raywe/Documents/JamesWen_HelloXRWorld/LassoSwinger/LassoFP/Content/FirstPerson/Blueprints/M_LassoMaterial.uasset" 1401
"C:/Users/raywe/Documents/JamesWen_HelloXRWorld/LassoSwinger/LassoFP/Content/FirstPerson/Blueprints/M_LassoMaterial.uexp" 1402
"C:/Users/raywe/Documents/JamesWen_HelloXRWorld/LassoSwinger/LassoFP/Content/FirstPerson/Blueprints/WB_Controls.uasset" 1403
"C:/Users/raywe/Documents/JamesWen_HelloXRWorld/LassoSwinger/LassoFP/Content/FirstPerson/Blueprints/WB_Controls.uexp" 1404
"C:/Users/raywe/Documents/JamesWen_HelloXRWorld/LassoSwinger/LassoFP/Content/VFX_Prototyping/Materials/M_EnemyIndicator.uasset" 1405
"C:/Users/raywe/Documents/JamesWen_HelloXRWorld/LassoSwinger/LassoFP/Content/VFX_Prototyping/Materials/M_EnemyIndicator.uexp" 1406
"C:/Users/raywe/Documents/JamesWen_HelloXRWorld/LassoSwinger/LassoFP/Content/VFX_Prototyping/Niagara/NE_VFXEnemyHit.uasset" 1407
"C:/Users/raywe/Documents/JamesWen_HelloXRWorld/LassoSwinger/LassoFP/Content/VFX_Prototyping/Niagara/NE_VFXEnemyHit.uexp" 1408
"C:/Users/raywe/Documents/JamesWen_HelloXRWorld/LassoSwinger/LassoFP/Content/VFX_Prototyping/Niagara/NE_VFXSuccess_System.uasset" 1409
"C:/Users/raywe/Documents/JamesWen_HelloXRWorld/LassoSwinger/LassoFP/Content/VFX_Prototyping/Niagara/NE_VFXSuccess_System.uexp" 1410
"C:/Users/raywe/Documents/JamesWen_HelloXRWorld/LassoSwinger/LassoFP/Content/FirstPerson/Blueprints/BP_FirstPersonCharacter.uasset" 1411
"C:/Users/raywe/Documents/JamesWen_HelloXRWorld/LassoSwinger/LassoFP/Content/FirstPerson/Blueprints/BP_FirstPersonCharacter.uexp" 1412
"C:/Users/raywe/Documents/JamesWen_HelloXRWorld/LassoSwinger/LassoFP/Content/FirstPerson/Blueprints/BP_ButtonArray.uasset" 1413
"C:/Users/raywe/Documents/JamesWen_HelloXRWorld/LassoSwinger/LassoFP/Content/FirstPerson/Blueprints/BP_ButtonArray.uexp" 1414
"../../../Engine/Content/EngineMaterials/BlendFunc_DefBase.uasset" 1415
"../../../Engine/Content/EngineMaterials/BlendFunc_DefBase.uexp" 1416
"../../../Engine/Content/EngineMaterials/BlendFunc_DefBlend.uasset" 1417
"../../../Engine/Content/EngineMaterials/BlendFunc_DefBlend.uexp" 1418
"../../../Engine/Content/Functions/Engine_MaterialFunctions03/Blends/Blend_Overlay.uasset" 1419
"../../../Engine/Content/Functions/Engine_MaterialFunctions03/Blends/Blend_Overlay.uexp" 1420
"C:/Users/raywe/Documents/JamesWen_HelloXRWorld/LassoSwinger/LassoFP/Content/Stylized_Egypt/Textures/props_textures/egyptian_statue/T_egyptian_statue_01_BaseColor.ubulk" 1421
"C:/Users/raywe/Documents/JamesWen_HelloXRWorld/LassoSwinger/LassoFP/Content/Stylized_Egypt/Textures/props_textures/egyptian_statue/T_egyptian_statue_01_BaseColor.uasset" 1422
"C:/Users/raywe/Documents/JamesWen_HelloXRWorld/LassoSwinger/LassoFP/Content/Stylized_Egypt/Textures/props_textures/egyptian_statue/T_egyptian_statue_01_BaseColor.uexp" 1423
"C:/Users/raywe/Documents/JamesWen_HelloXRWorld/LassoSwinger/LassoFP/Content/Stylized_Egypt/Textures/props_textures/egyptian_statue/T_egyptian_statue_01_Normal.ubulk" 1424
"C:/Users/raywe/Documents/JamesWen_HelloXRWorld/LassoSwinger/LassoFP/Content/Stylized_Egypt/Textures/props_textures/egyptian_statue/T_egyptian_statue_01_Normal.uasset" 1425
"C:/Users/raywe/Documents/JamesWen_HelloXRWorld/LassoSwinger/LassoFP/Content/Stylized_Egypt/Textures/props_textures/egyptian_statue/T_egyptian_statue_01_Normal.uexp" 1426
"C:/Users/raywe/Documents/JamesWen_HelloXRWorld/LassoSwinger/LassoFP/Content/Stylized_Egypt/Materials/props_materials/M_egyptian_statue.uasset" 1427
"C:/Users/raywe/Documents/JamesWen_HelloXRWorld/LassoSwinger/LassoFP/Content/Stylized_Egypt/Materials/props_materials/M_egyptian_statue.uexp" 1428
"C:/Users/raywe/Documents/JamesWen_HelloXRWorld/LassoSwinger/LassoFP/Content/Stylized_Egypt/Materials/props_materials/MI_egyptian_statue_01_Inst.uasset" 1429
"C:/Users/raywe/Documents/JamesWen_HelloXRWorld/LassoSwinger/LassoFP/Content/Stylized_Egypt/Materials/props_materials/MI_egyptian_statue_01_Inst.uexp" 1430
"C:/Users/raywe/Documents/JamesWen_HelloXRWorld/LassoSwinger/LassoFP/Content/Stylized_Egypt/Meshes/props/SM_egyptian_statue_01.ubulk" 1431
"C:/Users/raywe/Documents/JamesWen_HelloXRWorld/LassoSwinger/LassoFP/Content/Stylized_Egypt/Meshes/props/SM_egyptian_statue_01.uasset" 1432
"C:/Users/raywe/Documents/JamesWen_HelloXRWorld/LassoSwinger/LassoFP/Content/Stylized_Egypt/Meshes/props/SM_egyptian_statue_01.uexp" 1433
"C:/Users/raywe/Documents/JamesWen_HelloXRWorld/LassoSwinger/LassoFP/Content/FirstPerson/Blueprints/BP_Statue.uasset" 1434
"C:/Users/raywe/Documents/JamesWen_HelloXRWorld/LassoSwinger/LassoFP/Content/FirstPerson/Blueprints/BP_Statue.uexp" 1435
"C:/Users/raywe/Documents/JamesWen_HelloXRWorld/LassoSwinger/LassoFP/Content/SFX/magical-spell-cast-190272.ubulk" 1436
"C:/Users/raywe/Documents/JamesWen_HelloXRWorld/LassoSwinger/LassoFP/Content/SFX/magical-spell-cast-190272.uasset" 1437
"C:/Users/raywe/Documents/JamesWen_HelloXRWorld/LassoSwinger/LassoFP/Content/SFX/magical-spell-cast-190272.uexp" 1438
"C:/Users/raywe/Documents/JamesWen_HelloXRWorld/LassoSwinger/LassoFP/Content/FirstPerson/Blueprints/BP_StatueArray.uasset" 1439
"C:/Users/raywe/Documents/JamesWen_HelloXRWorld/LassoSwinger/LassoFP/Content/FirstPerson/Blueprints/BP_StatueArray.uexp" 1440
"C:/Users/raywe/Documents/JamesWen_HelloXRWorld/LassoSwinger/LassoFP/Content/SFX/freesound_community-pressure-plate-45634.ubulk" 1441
"C:/Users/raywe/Documents/JamesWen_HelloXRWorld/LassoSwinger/LassoFP/Content/SFX/freesound_community-pressure-plate-45634.uasset" 1442
"C:/Users/raywe/Documents/JamesWen_HelloXRWorld/LassoSwinger/LassoFP/Content/SFX/freesound_community-pressure-plate-45634.uexp" 1443
"C:/Users/raywe/Documents/JamesWen_HelloXRWorld/LassoSwinger/LassoFP/Content/FirstPerson/Blueprints/ButtonType.uasset" 1444
"C:/Users/raywe/Documents/JamesWen_HelloXRWorld/LassoSwinger/LassoFP/Content/FirstPerson/Blueprints/ButtonType.uexp" 1445
"C:/Users/raywe/Documents/JamesWen_HelloXRWorld/LassoSwinger/LassoFP/Content/FirstPerson/Blueprints/BP_Button.uasset" 1446
"C:/Users/raywe/Documents/JamesWen_HelloXRWorld/LassoSwinger/LassoFP/Content/FirstPerson/Blueprints/BP_Button.uexp" 1447
"C:/Users/raywe/Documents/JamesWen_HelloXRWorld/LassoSwinger/LassoFP/Content/SFX/monologue-wind-60484.ubulk" 1448
"C:/Users/raywe/Documents/JamesWen_HelloXRWorld/LassoSwinger/LassoFP/Content/SFX/monologue-wind-60484.uasset" 1449
"C:/Users/raywe/Documents/JamesWen_HelloXRWorld/LassoSwinger/LassoFP/Content/SFX/monologue-wind-60484.uexp" 1450
"C:/Users/raywe/Documents/JamesWen_HelloXRWorld/LassoSwinger/LassoFP/Content/Fab/Megascans/Surfaces/Rippled_Sand_xd0mda1/Medium/xd0mda1_tier_2/Materials/MI_xd0mda1_Inst.uasset" 1451
"C:/Users/raywe/Documents/JamesWen_HelloXRWorld/LassoSwinger/LassoFP/Content/Fab/Megascans/Surfaces/Rippled_Sand_xd0mda1/Medium/xd0mda1_tier_2/Materials/MI_xd0mda1_Inst.uexp" 1452
"C:/Users/raywe/Documents/JamesWen_HelloXRWorld/LassoSwinger/LassoFP/Content/Fab/Megascans/3D/Desert_Western_Rock_Medium_08_uk4cdch/Medium/uk4cdch_tier_2/StaticMeshes/uk4cdch_tier_2.ubulk" 1453
"C:/Users/raywe/Documents/JamesWen_HelloXRWorld/LassoSwinger/LassoFP/Content/Fab/Megascans/3D/Desert_Western_Rock_Medium_08_uk4cdch/Medium/uk4cdch_tier_2/StaticMeshes/uk4cdch_tier_2.uasset" 1454
"C:/Users/raywe/Documents/JamesWen_HelloXRWorld/LassoSwinger/LassoFP/Content/Fab/Megascans/3D/Desert_Western_Rock_Medium_08_uk4cdch/Medium/uk4cdch_tier_2/StaticMeshes/uk4cdch_tier_2.uexp" 1455
"C:/Users/raywe/Documents/JamesWen_HelloXRWorld/LassoSwinger/LassoFP/Content/VFX_Prototyping/BP_RockFall.uasset" 1456
"C:/Users/raywe/Documents/JamesWen_HelloXRWorld/LassoSwinger/LassoFP/Content/VFX_Prototyping/BP_RockFall.uexp" 1457
"../../../Engine/Content/BasicShapes/Plane.ubulk" 1458
"../../../Engine/Content/BasicShapes/Plane.uasset" 1459
"../../../Engine/Content/BasicShapes/Plane.uexp" 1460
"C:/Users/raywe/Documents/JamesWen_HelloXRWorld/LassoSwinger/LassoFP/Content/GoodSky/Resource/Textures/T_GoodSky_clouds_F.ubulk" 1461
"C:/Users/raywe/Documents/JamesWen_HelloXRWorld/LassoSwinger/LassoFP/Content/GoodSky/Resource/Textures/T_GoodSky_clouds_F.uasset" 1462
"C:/Users/raywe/Documents/JamesWen_HelloXRWorld/LassoSwinger/LassoFP/Content/GoodSky/Resource/Textures/T_GoodSky_clouds_F.uexp" 1463
"C:/Users/raywe/Documents/JamesWen_HelloXRWorld/LassoSwinger/LassoFP/Content/GoodSky/Resource/Textures/T_GoodSky_clouds_A.ubulk" 1464
"C:/Users/raywe/Documents/JamesWen_HelloXRWorld/LassoSwinger/LassoFP/Content/GoodSky/Resource/Textures/T_GoodSky_clouds_A.uasset" 1465
"C:/Users/raywe/Documents/JamesWen_HelloXRWorld/LassoSwinger/LassoFP/Content/GoodSky/Resource/Textures/T_GoodSky_clouds_A.uexp" 1466
"C:/Users/raywe/Documents/JamesWen_HelloXRWorld/LassoSwinger/LassoFP/Content/GoodSky/Resource/Materials/Material_Function/MF_GoodSky_SkyDomeAlpha.uasset" 1467
"C:/Users/raywe/Documents/JamesWen_HelloXRWorld/LassoSwinger/LassoFP/Content/GoodSky/Resource/Materials/Material_Function/MF_GoodSky_SkyDomeAlpha.uexp" 1468
"C:/Users/raywe/Documents/JamesWen_HelloXRWorld/LassoSwinger/LassoFP/Content/GoodSky/Resource/Textures/T_GoodSky_clouds_B.ubulk" 1469
"C:/Users/raywe/Documents/JamesWen_HelloXRWorld/LassoSwinger/LassoFP/Content/GoodSky/Resource/Textures/T_GoodSky_clouds_B.uasset" 1470
"C:/Users/raywe/Documents/JamesWen_HelloXRWorld/LassoSwinger/LassoFP/Content/GoodSky/Resource/Textures/T_GoodSky_clouds_B.uexp" 1471
"C:/Users/raywe/Documents/JamesWen_HelloXRWorld/LassoSwinger/LassoFP/Content/GoodSky/Resource/Textures/T_GoodSky_clouds_sphere.uasset" 1472
"C:/Users/raywe/Documents/JamesWen_HelloXRWorld/LassoSwinger/LassoFP/Content/GoodSky/Resource/Textures/T_GoodSky_clouds_sphere.uexp" 1473
"C:/Users/raywe/Documents/JamesWen_HelloXRWorld/LassoSwinger/LassoFP/Content/GoodSky/Resource/Materials/Material_Function/MF_GoodSky_Clouds_Setting.uasset" 1474
"C:/Users/raywe/Documents/JamesWen_HelloXRWorld/LassoSwinger/LassoFP/Content/GoodSky/Resource/Materials/Material_Function/MF_GoodSky_Clouds_Setting.uexp" 1475
"C:/Users/raywe/Documents/JamesWen_HelloXRWorld/LassoSwinger/LassoFP/Content/GoodSky/Resource/Materials/Material_Function/MF_GoodSky_Global_Setting.uasset" 1476
"C:/Users/raywe/Documents/JamesWen_HelloXRWorld/LassoSwinger/LassoFP/Content/GoodSky/Resource/Materials/Material_Function/MF_GoodSky_Global_Setting.uexp" 1477
"C:/Users/raywe/Documents/JamesWen_HelloXRWorld/LassoSwinger/LassoFP/Content/GoodSky/Resource/Materials/Material_Function/MF_GoodSky_Time.uasset" 1478
"C:/Users/raywe/Documents/JamesWen_HelloXRWorld/LassoSwinger/LassoFP/Content/GoodSky/Resource/Materials/Material_Function/MF_GoodSky_Time.uexp" 1479
"C:/Users/raywe/Documents/JamesWen_HelloXRWorld/LassoSwinger/LassoFP/Content/GoodSky/Resource/Materials/Material_Function/MF_GoodSky_Top_Part_Alpha.uasset" 1480
"C:/Users/raywe/Documents/JamesWen_HelloXRWorld/LassoSwinger/LassoFP/Content/GoodSky/Resource/Materials/Material_Function/MF_GoodSky_Top_Part_Alpha.uexp" 1481
"C:/Users/raywe/Documents/JamesWen_HelloXRWorld/LassoSwinger/LassoFP/Content/GoodSky/Resource/Textures/T_GoodSky_noise_smooth.ubulk" 1482
"C:/Users/raywe/Documents/JamesWen_HelloXRWorld/LassoSwinger/LassoFP/Content/GoodSky/Resource/Textures/T_GoodSky_noise_smooth.uasset" 1483
"C:/Users/raywe/Documents/JamesWen_HelloXRWorld/LassoSwinger/LassoFP/Content/GoodSky/Resource/Textures/T_GoodSky_noise_smooth.uexp" 1484
"C:/Users/raywe/Documents/JamesWen_HelloXRWorld/LassoSwinger/LassoFP/Content/GoodSky/Resource/Textures/T_GoodSky_Stars.ubulk" 1485
"C:/Users/raywe/Documents/JamesWen_HelloXRWorld/LassoSwinger/LassoFP/Content/GoodSky/Resource/Textures/T_GoodSky_Stars.uasset" 1486
"C:/Users/raywe/Documents/JamesWen_HelloXRWorld/LassoSwinger/LassoFP/Content/GoodSky/Resource/Textures/T_GoodSky_Stars.uexp" 1487
"C:/Users/raywe/Documents/JamesWen_HelloXRWorld/LassoSwinger/LassoFP/Content/GoodSky/Resource/Materials/M_GoodSky_Sun_Stars.uasset" 1488
"C:/Users/raywe/Documents/JamesWen_HelloXRWorld/LassoSwinger/LassoFP/Content/GoodSky/Resource/Materials/M_GoodSky_Sun_Stars.uexp" 1489
"C:/Users/raywe/Documents/JamesWen_HelloXRWorld/LassoSwinger/LassoFP/Content/GoodSky/Resource/Textures/T_GoodSky_clouds_D.ubulk" 1490
"C:/Users/raywe/Documents/JamesWen_HelloXRWorld/LassoSwinger/LassoFP/Content/GoodSky/Resource/Textures/T_GoodSky_clouds_D.uasset" 1491
"C:/Users/raywe/Documents/JamesWen_HelloXRWorld/LassoSwinger/LassoFP/Content/GoodSky/Resource/Textures/T_GoodSky_clouds_D.uexp" 1492
"C:/Users/raywe/Documents/JamesWen_HelloXRWorld/LassoSwinger/LassoFP/Content/GoodSky/Resource/ArrowTool/T_GoodSky_SkyRing.ubulk" 1493
"C:/Users/raywe/Documents/JamesWen_HelloXRWorld/LassoSwinger/LassoFP/Content/GoodSky/Resource/ArrowTool/T_GoodSky_SkyRing.uasset" 1494
"C:/Users/raywe/Documents/JamesWen_HelloXRWorld/LassoSwinger/LassoFP/Content/GoodSky/Resource/ArrowTool/T_GoodSky_SkyRing.uexp" 1495
"C:/Users/raywe/Documents/JamesWen_HelloXRWorld/LassoSwinger/LassoFP/Content/GoodSky/Resource/ArrowTool/M_GoodSky_SkyRing_.uasset" 1496
"C:/Users/raywe/Documents/JamesWen_HelloXRWorld/LassoSwinger/LassoFP/Content/GoodSky/Resource/ArrowTool/M_GoodSky_SkyRing_.uexp" 1497
"C:/Users/raywe/Documents/JamesWen_HelloXRWorld/LassoSwinger/LassoFP/Content/GoodSky/Resource/ArrowTool/M_GoodSky_Sun_Emissive.uasset" 1498
"C:/Users/raywe/Documents/JamesWen_HelloXRWorld/LassoSwinger/LassoFP/Content/GoodSky/Resource/ArrowTool/M_GoodSky_Sun_Emissive.uexp" 1499
"C:/Users/raywe/Documents/JamesWen_HelloXRWorld/LassoSwinger/LassoFP/Content/GoodSky/Resource/ArrowTool/SM_GoodSky_Moon.ubulk" 1500
"C:/Users/raywe/Documents/JamesWen_HelloXRWorld/LassoSwinger/LassoFP/Content/GoodSky/Resource/ArrowTool/SM_GoodSky_Moon.uasset" 1501
"C:/Users/raywe/Documents/JamesWen_HelloXRWorld/LassoSwinger/LassoFP/Content/GoodSky/Resource/ArrowTool/SM_GoodSky_Moon.uexp" 1502
"C:/Users/raywe/Documents/JamesWen_HelloXRWorld/LassoSwinger/LassoFP/Content/GoodSky/Resource/ArrowTool/SM_GoodSky_StarMesh.ubulk" 1503
"C:/Users/raywe/Documents/JamesWen_HelloXRWorld/LassoSwinger/LassoFP/Content/GoodSky/Resource/ArrowTool/SM_GoodSky_StarMesh.uasset" 1504
"C:/Users/raywe/Documents/JamesWen_HelloXRWorld/LassoSwinger/LassoFP/Content/GoodSky/Resource/ArrowTool/SM_GoodSky_StarMesh.uexp" 1505
"C:/Users/raywe/Documents/JamesWen_HelloXRWorld/LassoSwinger/LassoFP/Content/GoodSky/Resource/Materials/M_GoodSky_Base.uasset" 1506
"C:/Users/raywe/Documents/JamesWen_HelloXRWorld/LassoSwinger/LassoFP/Content/GoodSky/Resource/Materials/M_GoodSky_Base.uexp" 1507
"../../../Engine/Content/Functions/Engine_MaterialFunctions01/Density/ExponentialDensity.uasset" 1508
"../../../Engine/Content/Functions/Engine_MaterialFunctions01/Density/ExponentialDensity.uexp" 1509
"../../../Engine/Content/Functions/Engine_MaterialFunctions01/Gradient/RadialGradientExponential.uasset" 1510
"../../../Engine/Content/Functions/Engine_MaterialFunctions01/Gradient/RadialGradientExponential.uexp" 1511
"../../../Engine/Content/Functions/Engine_MaterialFunctions01/Texturing/ScaleUVsAroundPoint.uasset" 1512
"../../../Engine/Content/Functions/Engine_MaterialFunctions01/Texturing/ScaleUVsAroundPoint.uexp" 1513
"C:/Users/raywe/Documents/JamesWen_HelloXRWorld/LassoSwinger/LassoFP/Content/GoodSky/Resource/Textures/T_GoodSky_Moon.uasset" 1514
"C:/Users/raywe/Documents/JamesWen_HelloXRWorld/LassoSwinger/LassoFP/Content/GoodSky/Resource/Textures/T_GoodSky_Moon.uexp" 1515
"C:/Users/raywe/Documents/JamesWen_HelloXRWorld/LassoSwinger/LassoFP/Content/GoodSky/Resource/Materials/Material_Function/MF_GoodSky_Moon_Setting.uasset" 1516
"C:/Users/raywe/Documents/JamesWen_HelloXRWorld/LassoSwinger/LassoFP/Content/GoodSky/Resource/Materials/Material_Function/MF_GoodSky_Moon_Setting.uexp" 1517
"C:/Users/raywe/Documents/JamesWen_HelloXRWorld/LassoSwinger/LassoFP/Content/GoodSky/Resource/Materials/M_GoodSky_Moon.uasset" 1518
"C:/Users/raywe/Documents/JamesWen_HelloXRWorld/LassoSwinger/LassoFP/Content/GoodSky/Resource/Materials/M_GoodSky_Moon.uexp" 1519
"../../../Engine/Content/Functions/Engine_MaterialFunctions01/Texturing/ComputeMipLevel.uasset" 1520
"../../../Engine/Content/Functions/Engine_MaterialFunctions01/Texturing/ComputeMipLevel.uexp" 1521
"../../../Engine/Content/Functions/Engine_MaterialFunctions02/ExampleContent/Textures/DebugNumberPeriod.uasset" 1522
"../../../Engine/Content/Functions/Engine_MaterialFunctions02/ExampleContent/Textures/DebugNumberPeriod.uexp" 1523
"../../../Engine/Content/Functions/Engine_MaterialFunctions02/Utility/DebugScalarValues.uasset" 1524
"../../../Engine/Content/Functions/Engine_MaterialFunctions02/Utility/DebugScalarValues.uexp" 1525
"../../../Engine/Content/Functions/Engine_MaterialFunctions02/Utility/DebugFloat3Values.uasset" 1526
"../../../Engine/Content/Functions/Engine_MaterialFunctions02/Utility/DebugFloat3Values.uexp" 1527
"../../../Engine/Content/Functions/Engine_MaterialFunctions02/Math/RGBtoHSV.uasset" 1528
"../../../Engine/Content/Functions/Engine_MaterialFunctions02/Math/RGBtoHSV.uexp" 1529
"../../../Engine/Content/Functions/Engine_MaterialFunctions01/ImageAdjustment/DeriveHDRfromLDR.uasset" 1530
"../../../Engine/Content/Functions/Engine_MaterialFunctions01/ImageAdjustment/DeriveHDRfromLDR.uexp" 1531
"C:/Users/raywe/Documents/JamesWen_HelloXRWorld/LassoSwinger/LassoFP/Content/GoodSky/Resource/Textures/T_GoodSky_Lightning.ubulk" 1532
"C:/Users/raywe/Documents/JamesWen_HelloXRWorld/LassoSwinger/LassoFP/Content/GoodSky/Resource/Textures/T_GoodSky_Lightning.uasset" 1533
"C:/Users/raywe/Documents/JamesWen_HelloXRWorld/LassoSwinger/LassoFP/Content/GoodSky/Resource/Textures/T_GoodSky_Lightning.uexp" 1534
"C:/Users/raywe/Documents/JamesWen_HelloXRWorld/LassoSwinger/LassoFP/Content/GoodSky/Resource/Materials/Material_Function/MF_GoodSky_LightningFlick.uasset" 1535
"C:/Users/raywe/Documents/JamesWen_HelloXRWorld/LassoSwinger/LassoFP/Content/GoodSky/Resource/Materials/Material_Function/MF_GoodSky_LightningFlick.uexp" 1536
"C:/Users/raywe/Documents/JamesWen_HelloXRWorld/LassoSwinger/LassoFP/Content/GoodSky/Resource/Materials/M_GoodSky_Storm.uasset" 1537
"C:/Users/raywe/Documents/JamesWen_HelloXRWorld/LassoSwinger/LassoFP/Content/GoodSky/Resource/Materials/M_GoodSky_Storm.uexp" 1538
"C:/Users/raywe/Documents/JamesWen_HelloXRWorld/LassoSwinger/LassoFP/Content/GoodSky/Resource/Materials/M_GoodSky_Sun_Stars_Moon.uasset" 1539
"C:/Users/raywe/Documents/JamesWen_HelloXRWorld/LassoSwinger/LassoFP/Content/GoodSky/Resource/Materials/M_GoodSky_Sun_Stars_Moon.uexp" 1540
"C:/Users/raywe/Documents/JamesWen_HelloXRWorld/LassoSwinger/LassoFP/Content/GoodSky/Resource/Mesh/SM_GoodSky_Hemisphere.ubulk" 1541
"C:/Users/raywe/Documents/JamesWen_HelloXRWorld/LassoSwinger/LassoFP/Content/GoodSky/Resource/Mesh/SM_GoodSky_Hemisphere.uasset" 1542
"C:/Users/raywe/Documents/JamesWen_HelloXRWorld/LassoSwinger/LassoFP/Content/GoodSky/Resource/Mesh/SM_GoodSky_Hemisphere.uexp" 1543
"C:/Users/raywe/Documents/JamesWen_HelloXRWorld/LassoSwinger/LassoFP/Content/GoodSky/Resource/Mesh/SM_GoodSky_Sphere.ubulk" 1544
"C:/Users/raywe/Documents/JamesWen_HelloXRWorld/LassoSwinger/LassoFP/Content/GoodSky/Resource/Mesh/SM_GoodSky_Sphere.uasset" 1545
"C:/Users/raywe/Documents/JamesWen_HelloXRWorld/LassoSwinger/LassoFP/Content/GoodSky/Resource/Mesh/SM_GoodSky_Sphere.uexp" 1546
"C:/Users/raywe/Documents/JamesWen_HelloXRWorld/LassoSwinger/LassoFP/Content/GoodSky/Resource/Textures/T_GoodSky_clouds_C.ubulk" 1547
"C:/Users/raywe/Documents/JamesWen_HelloXRWorld/LassoSwinger/LassoFP/Content/GoodSky/Resource/Textures/T_GoodSky_clouds_C.uasset" 1548
"C:/Users/raywe/Documents/JamesWen_HelloXRWorld/LassoSwinger/LassoFP/Content/GoodSky/Resource/Textures/T_GoodSky_clouds_C.uexp" 1549
"C:/Users/raywe/Documents/JamesWen_HelloXRWorld/LassoSwinger/LassoFP/Content/GoodSky/Resource/Textures/T_GoodSky_clouds_E.ubulk" 1550
"C:/Users/raywe/Documents/JamesWen_HelloXRWorld/LassoSwinger/LassoFP/Content/GoodSky/Resource/Textures/T_GoodSky_clouds_E.uasset" 1551
"C:/Users/raywe/Documents/JamesWen_HelloXRWorld/LassoSwinger/LassoFP/Content/GoodSky/Resource/Textures/T_GoodSky_clouds_E.uexp" 1552
"C:/Users/raywe/Documents/JamesWen_HelloXRWorld/LassoSwinger/LassoFP/Content/GoodSky/Resource/Data/Curve/Curve_GoodSky_AllOverlayColor.uasset" 1553
"C:/Users/raywe/Documents/JamesWen_HelloXRWorld/LassoSwinger/LassoFP/Content/GoodSky/Resource/Data/Curve/Curve_GoodSky_AllOverlayColor.uexp" 1554
"C:/Users/raywe/Documents/JamesWen_HelloXRWorld/LassoSwinger/LassoFP/Content/GoodSky/Resource/Data/Curve/Curve_GoodSky_BaseCloudColor.uasset" 1555
"C:/Users/raywe/Documents/JamesWen_HelloXRWorld/LassoSwinger/LassoFP/Content/GoodSky/Resource/Data/Curve/Curve_GoodSky_BaseCloudColor.uexp" 1556
"C:/Users/raywe/Documents/JamesWen_HelloXRWorld/LassoSwinger/LassoFP/Content/GoodSky/Resource/Data/Curve/Curve_GoodSky_DomeColor.uasset" 1557
"C:/Users/raywe/Documents/JamesWen_HelloXRWorld/LassoSwinger/LassoFP/Content/GoodSky/Resource/Data/Curve/Curve_GoodSky_DomeColor.uexp" 1558
"C:/Users/raywe/Documents/JamesWen_HelloXRWorld/LassoSwinger/LassoFP/Content/GoodSky/Resource/Data/Curve/Curve_GoodSky_horizon_Color.uasset" 1559
"C:/Users/raywe/Documents/JamesWen_HelloXRWorld/LassoSwinger/LassoFP/Content/GoodSky/Resource/Data/Curve/Curve_GoodSky_horizon_Color.uexp" 1560
"C:/Users/raywe/Documents/JamesWen_HelloXRWorld/LassoSwinger/LassoFP/Content/GoodSky/Resource/Data/Curve/Curve_GoodSky_Stars.uasset" 1561
"C:/Users/raywe/Documents/JamesWen_HelloXRWorld/LassoSwinger/LassoFP/Content/GoodSky/Resource/Data/Curve/Curve_GoodSky_Stars.uexp" 1562
"C:/Users/raywe/Documents/JamesWen_HelloXRWorld/LassoSwinger/LassoFP/Content/GoodSky/Resource/Data/Curve/Curve_GoodSky_SunDirection_Vector.uasset" 1563
"C:/Users/raywe/Documents/JamesWen_HelloXRWorld/LassoSwinger/LassoFP/Content/GoodSky/Resource/Data/Curve/Curve_GoodSky_SunDirection_Vector.uexp" 1564
"C:/Users/raywe/Documents/JamesWen_HelloXRWorld/LassoSwinger/LassoFP/Content/GoodSky/Resource/Data/Curve/Curve_GoodSky_SunLight.uasset" 1565
"C:/Users/raywe/Documents/JamesWen_HelloXRWorld/LassoSwinger/LassoFP/Content/GoodSky/Resource/Data/Curve/Curve_GoodSky_SunLight.uexp" 1566
"C:/Users/raywe/Documents/JamesWen_HelloXRWorld/LassoSwinger/LassoFP/Content/GoodSky/Resource/Data/Structure/Structure_GoodSky.uasset" 1567
"C:/Users/raywe/Documents/JamesWen_HelloXRWorld/LassoSwinger/LassoFP/Content/GoodSky/Resource/Data/Structure/Structure_GoodSky.uexp" 1568
"C:/Users/raywe/Documents/JamesWen_HelloXRWorld/LassoSwinger/LassoFP/Content/GoodSky/Resource/Data/DataTable/DataTable_GoodSky.uasset" 1569
"C:/Users/raywe/Documents/JamesWen_HelloXRWorld/LassoSwinger/LassoFP/Content/GoodSky/Resource/Data/DataTable/DataTable_GoodSky.uexp" 1570
"C:/Users/raywe/Documents/JamesWen_HelloXRWorld/LassoSwinger/LassoFP/Content/GoodSky/Resource/Data/Enum/Enum_GoodSky_Clouds_Coverage.uasset" 1571
"C:/Users/raywe/Documents/JamesWen_HelloXRWorld/LassoSwinger/LassoFP/Content/GoodSky/Resource/Data/Enum/Enum_GoodSky_Clouds_Coverage.uexp" 1572
"C:/Users/raywe/Documents/JamesWen_HelloXRWorld/LassoSwinger/LassoFP/Content/GoodSky/Resource/Data/Enum/Enum_GoodSky_Effects.uasset" 1573
"C:/Users/raywe/Documents/JamesWen_HelloXRWorld/LassoSwinger/LassoFP/Content/GoodSky/Resource/Data/Enum/Enum_GoodSky_Effects.uexp" 1574
"C:/Users/raywe/Documents/JamesWen_HelloXRWorld/LassoSwinger/LassoFP/Content/GoodSky/Resource/Data/Enum/Enum_GoodSky_MeshType.uasset" 1575
"C:/Users/raywe/Documents/JamesWen_HelloXRWorld/LassoSwinger/LassoFP/Content/GoodSky/Resource/Data/Enum/Enum_GoodSky_MeshType.uexp" 1576
"C:/Users/raywe/Documents/JamesWen_HelloXRWorld/LassoSwinger/LassoFP/Content/GoodSky/Resource/Data/Enum/Enum_GoodSky_Preset.uasset" 1577
"C:/Users/raywe/Documents/JamesWen_HelloXRWorld/LassoSwinger/LassoFP/Content/GoodSky/Resource/Data/Enum/Enum_GoodSky_Preset.uexp" 1578
"C:/Users/raywe/Documents/JamesWen_HelloXRWorld/LassoSwinger/LassoFP/Content/GoodSky/Resource/Data/Enum/Enum_GoodSky_Style_Clouds.uasset" 1579
"C:/Users/raywe/Documents/JamesWen_HelloXRWorld/LassoSwinger/LassoFP/Content/GoodSky/Resource/Data/Enum/Enum_GoodSky_Style_Clouds.uexp" 1580
"C:/Users/raywe/Documents/JamesWen_HelloXRWorld/LassoSwinger/LassoFP/Content/GoodSky/Resource/Data/Enum/Enum_SunDirection.uasset" 1581
"C:/Users/raywe/Documents/JamesWen_HelloXRWorld/LassoSwinger/LassoFP/Content/GoodSky/Resource/Data/Enum/Enum_SunDirection.uexp" 1582
"C:/Users/raywe/Documents/JamesWen_HelloXRWorld/LassoSwinger/LassoFP/Content/GoodSky/Blueprint/BP_GoodSky.uasset" 1583
"C:/Users/raywe/Documents/JamesWen_HelloXRWorld/LassoSwinger/LassoFP/Content/GoodSky/Blueprint/BP_GoodSky.uexp" 1584
"../../../Engine/Content/Functions/Engine_MaterialFunctions01/AlphaBlend/WorldAlignedBlend.uasset" 1585
"../../../Engine/Content/Functions/Engine_MaterialFunctions01/AlphaBlend/WorldAlignedBlend.uexp" 1586
"C:/Users/raywe/Documents/JamesWen_HelloXRWorld/LassoSwinger/LassoFP/Content/Stylized_Egypt/Textures/building_textures/building_normal_maps/T_block_Normal.ubulk" 1587
"C:/Users/raywe/Documents/JamesWen_HelloXRWorld/LassoSwinger/LassoFP/Content/Stylized_Egypt/Textures/building_textures/building_normal_maps/T_block_Normal.uasset" 1588
"C:/Users/raywe/Documents/JamesWen_HelloXRWorld/LassoSwinger/LassoFP/Content/Stylized_Egypt/Textures/building_textures/building_normal_maps/T_block_Normal.uexp" 1589
"C:/Users/raywe/Documents/JamesWen_HelloXRWorld/LassoSwinger/LassoFP/Content/Stylized_Egypt/Textures/building_textures/base_textures/concrete/T_concrete_BaseColor.ubulk" 1590
"C:/Users/raywe/Documents/JamesWen_HelloXRWorld/LassoSwinger/LassoFP/Content/Stylized_Egypt/Textures/building_textures/base_textures/concrete/T_concrete_BaseColor.uasset" 1591
"C:/Users/raywe/Documents/JamesWen_HelloXRWorld/LassoSwinger/LassoFP/Content/Stylized_Egypt/Textures/building_textures/base_textures/concrete/T_concrete_BaseColor.uexp" 1592
"C:/Users/raywe/Documents/JamesWen_HelloXRWorld/LassoSwinger/LassoFP/Content/Stylized_Egypt/Textures/building_textures/base_textures/concrete/T_concrete_Normal.ubulk" 1593
"C:/Users/raywe/Documents/JamesWen_HelloXRWorld/LassoSwinger/LassoFP/Content/Stylized_Egypt/Textures/building_textures/base_textures/concrete/T_concrete_Normal.uasset" 1594
"C:/Users/raywe/Documents/JamesWen_HelloXRWorld/LassoSwinger/LassoFP/Content/Stylized_Egypt/Textures/building_textures/base_textures/concrete/T_concrete_Normal.uexp" 1595
"C:/Users/raywe/Documents/JamesWen_HelloXRWorld/LassoSwinger/LassoFP/Content/Stylized_Egypt/Materials/building_materials/M_block.uasset" 1596
"C:/Users/raywe/Documents/JamesWen_HelloXRWorld/LassoSwinger/LassoFP/Content/Stylized_Egypt/Materials/building_materials/M_block.uexp" 1597
"C:/Users/raywe/Documents/JamesWen_HelloXRWorld/LassoSwinger/LassoFP/Content/Stylized_Egypt/Materials/building_materials/MI_block_01_Inst.uasset" 1598
"C:/Users/raywe/Documents/JamesWen_HelloXRWorld/LassoSwinger/LassoFP/Content/Stylized_Egypt/Materials/building_materials/MI_block_01_Inst.uexp" 1599
"C:/Users/raywe/Documents/JamesWen_HelloXRWorld/LassoSwinger/LassoFP/Content/Stylized_Egypt/Meshes/building/SM_block_01.ubulk" 1600
"C:/Users/raywe/Documents/JamesWen_HelloXRWorld/LassoSwinger/LassoFP/Content/Stylized_Egypt/Meshes/building/SM_block_01.uasset" 1601
"C:/Users/raywe/Documents/JamesWen_HelloXRWorld/LassoSwinger/LassoFP/Content/Stylized_Egypt/Meshes/building/SM_block_01.uexp" 1602
"C:/Users/raywe/Documents/JamesWen_HelloXRWorld/LassoSwinger/LassoFP/Content/Stylized_Egypt/Meshes/building/SM_block_03.ubulk" 1603
"C:/Users/raywe/Documents/JamesWen_HelloXRWorld/LassoSwinger/LassoFP/Content/Stylized_Egypt/Meshes/building/SM_block_03.uasset" 1604
"C:/Users/raywe/Documents/JamesWen_HelloXRWorld/LassoSwinger/LassoFP/Content/Stylized_Egypt/Meshes/building/SM_block_03.uexp" 1605
"C:/Users/raywe/Documents/JamesWen_HelloXRWorld/LassoSwinger/LassoFP/Content/Stylized_Egypt/Meshes/building/SM_block_04.ubulk" 1606
"C:/Users/raywe/Documents/JamesWen_HelloXRWorld/LassoSwinger/LassoFP/Content/Stylized_Egypt/Meshes/building/SM_block_04.uasset" 1607
"C:/Users/raywe/Documents/JamesWen_HelloXRWorld/LassoSwinger/LassoFP/Content/Stylized_Egypt/Meshes/building/SM_block_04.uexp" 1608
"C:/Users/raywe/Documents/JamesWen_HelloXRWorld/LassoSwinger/LassoFP/Content/Stylized_Egypt/Meshes/building/SM_block_06.ubulk" 1609
"C:/Users/raywe/Documents/JamesWen_HelloXRWorld/LassoSwinger/LassoFP/Content/Stylized_Egypt/Meshes/building/SM_block_06.uasset" 1610
"C:/Users/raywe/Documents/JamesWen_HelloXRWorld/LassoSwinger/LassoFP/Content/Stylized_Egypt/Meshes/building/SM_block_06.uexp" 1611
"C:/Users/raywe/Documents/JamesWen_HelloXRWorld/LassoSwinger/LassoFP/Content/Stylized_Egypt/Meshes/building/SM_block_10.ubulk" 1612
"C:/Users/raywe/Documents/JamesWen_HelloXRWorld/LassoSwinger/LassoFP/Content/Stylized_Egypt/Meshes/building/SM_block_10.uasset" 1613
"C:/Users/raywe/Documents/JamesWen_HelloXRWorld/LassoSwinger/LassoFP/Content/Stylized_Egypt/Meshes/building/SM_block_10.uexp" 1614
"C:/Users/raywe/Documents/JamesWen_HelloXRWorld/LassoSwinger/LassoFP/Content/Stylized_Egypt/Textures/building_textures/base_textures/brick_01/T_brick_01_BaseColor.ubulk" 1615
"C:/Users/raywe/Documents/JamesWen_HelloXRWorld/LassoSwinger/LassoFP/Content/Stylized_Egypt/Textures/building_textures/base_textures/brick_01/T_brick_01_BaseColor.uasset" 1616
"C:/Users/raywe/Documents/JamesWen_HelloXRWorld/LassoSwinger/LassoFP/Content/Stylized_Egypt/Textures/building_textures/base_textures/brick_01/T_brick_01_BaseColor.uexp" 1617
"C:/Users/raywe/Documents/JamesWen_HelloXRWorld/LassoSwinger/LassoFP/Content/Stylized_Egypt/Textures/building_textures/base_textures/brick_01/T_brick_01_Normal.ubulk" 1618
"C:/Users/raywe/Documents/JamesWen_HelloXRWorld/LassoSwinger/LassoFP/Content/Stylized_Egypt/Textures/building_textures/base_textures/brick_01/T_brick_01_Normal.uasset" 1619
"C:/Users/raywe/Documents/JamesWen_HelloXRWorld/LassoSwinger/LassoFP/Content/Stylized_Egypt/Textures/building_textures/base_textures/brick_01/T_brick_01_Normal.uexp" 1620
"../../../Engine/Content/Functions/Engine_MaterialFunctions02/Texturing/CustomRotator.uasset" 1621
"../../../Engine/Content/Functions/Engine_MaterialFunctions02/Texturing/CustomRotator.uexp" 1622
"C:/Users/raywe/Documents/JamesWen_HelloXRWorld/LassoSwinger/LassoFP/Content/Stylized_Egypt/Textures/landscape_textures/sand/T_sand_BaseColor.ubulk" 1623
"C:/Users/raywe/Documents/JamesWen_HelloXRWorld/LassoSwinger/LassoFP/Content/Stylized_Egypt/Textures/landscape_textures/sand/T_sand_BaseColor.uasset" 1624
"C:/Users/raywe/Documents/JamesWen_HelloXRWorld/LassoSwinger/LassoFP/Content/Stylized_Egypt/Textures/landscape_textures/sand/T_sand_BaseColor.uexp" 1625
"C:/Users/raywe/Documents/JamesWen_HelloXRWorld/LassoSwinger/LassoFP/Content/Stylized_Egypt/Textures/landscape_textures/sand/T_sand_Normal.ubulk" 1626
"C:/Users/raywe/Documents/JamesWen_HelloXRWorld/LassoSwinger/LassoFP/Content/Stylized_Egypt/Textures/landscape_textures/sand/T_sand_Normal.uasset" 1627
"C:/Users/raywe/Documents/JamesWen_HelloXRWorld/LassoSwinger/LassoFP/Content/Stylized_Egypt/Textures/landscape_textures/sand/T_sand_Normal.uexp" 1628
"C:/Users/raywe/Documents/JamesWen_HelloXRWorld/LassoSwinger/LassoFP/Content/Stylized_Egypt/Textures/decals_textures/T_decal_pattern_07_Mask.ubulk" 1629
"C:/Users/raywe/Documents/JamesWen_HelloXRWorld/LassoSwinger/LassoFP/Content/Stylized_Egypt/Textures/decals_textures/T_decal_pattern_07_Mask.uasset" 1630
"C:/Users/raywe/Documents/JamesWen_HelloXRWorld/LassoSwinger/LassoFP/Content/Stylized_Egypt/Textures/decals_textures/T_decal_pattern_07_Mask.uexp" 1631
"C:/Users/raywe/Documents/JamesWen_HelloXRWorld/LassoSwinger/LassoFP/Content/Stylized_Egypt/Textures/building_textures/base_textures/concrete_paint/T_concrete_paint_BaseColor.ubulk" 1632
"C:/Users/raywe/Documents/JamesWen_HelloXRWorld/LassoSwinger/LassoFP/Content/Stylized_Egypt/Textures/building_textures/base_textures/concrete_paint/T_concrete_paint_BaseColor.uasset" 1633
"C:/Users/raywe/Documents/JamesWen_HelloXRWorld/LassoSwinger/LassoFP/Content/Stylized_Egypt/Textures/building_textures/base_textures/concrete_paint/T_concrete_paint_BaseColor.uexp" 1634
"C:/Users/raywe/Documents/JamesWen_HelloXRWorld/LassoSwinger/LassoFP/Content/Stylized_Egypt/Textures/building_textures/base_textures/concrete_paint/T_concrete_paint_Normal.ubulk" 1635
"C:/Users/raywe/Documents/JamesWen_HelloXRWorld/LassoSwinger/LassoFP/Content/Stylized_Egypt/Textures/building_textures/base_textures/concrete_paint/T_concrete_paint_Normal.uasset" 1636
"C:/Users/raywe/Documents/JamesWen_HelloXRWorld/LassoSwinger/LassoFP/Content/Stylized_Egypt/Textures/building_textures/base_textures/concrete_paint/T_concrete_paint_Normal.uexp" 1637
"C:/Users/raywe/Documents/JamesWen_HelloXRWorld/LassoSwinger/LassoFP/Content/Stylized_Egypt/Materials/building_materials/base_materials/M_concrete_paint.uasset" 1638
"C:/Users/raywe/Documents/JamesWen_HelloXRWorld/LassoSwinger/LassoFP/Content/Stylized_Egypt/Materials/building_materials/base_materials/M_concrete_paint.uexp" 1639
"C:/Users/raywe/Documents/JamesWen_HelloXRWorld/LassoSwinger/LassoFP/Content/Stylized_Egypt/Materials/building_materials/base_materials/MI_concrete_paint_01_Inst.uasset" 1640
"C:/Users/raywe/Documents/JamesWen_HelloXRWorld/LassoSwinger/LassoFP/Content/Stylized_Egypt/Materials/building_materials/base_materials/MI_concrete_paint_01_Inst.uexp" 1641
"C:/Users/raywe/Documents/JamesWen_HelloXRWorld/LassoSwinger/LassoFP/Content/Stylized_Egypt/Textures/building_textures/building_normal_maps/T_building_01_Normal.ubulk" 1642
"C:/Users/raywe/Documents/JamesWen_HelloXRWorld/LassoSwinger/LassoFP/Content/Stylized_Egypt/Textures/building_textures/building_normal_maps/T_building_01_Normal.uasset" 1643
"C:/Users/raywe/Documents/JamesWen_HelloXRWorld/LassoSwinger/LassoFP/Content/Stylized_Egypt/Textures/building_textures/building_normal_maps/T_building_01_Normal.uexp" 1644
"C:/Users/raywe/Documents/JamesWen_HelloXRWorld/LassoSwinger/LassoFP/Content/Stylized_Egypt/Materials/building_materials/M_building_concrete.uasset" 1645
"C:/Users/raywe/Documents/JamesWen_HelloXRWorld/LassoSwinger/LassoFP/Content/Stylized_Egypt/Materials/building_materials/M_building_concrete.uexp" 1646
"C:/Users/raywe/Documents/JamesWen_HelloXRWorld/LassoSwinger/LassoFP/Content/Stylized_Egypt/Materials/building_materials/MI_building_concrete_01_Inst.uasset" 1647
"C:/Users/raywe/Documents/JamesWen_HelloXRWorld/LassoSwinger/LassoFP/Content/Stylized_Egypt/Materials/building_materials/MI_building_concrete_01_Inst.uexp" 1648
"C:/Users/raywe/Documents/JamesWen_HelloXRWorld/LassoSwinger/LassoFP/Content/Stylized_Egypt/Meshes/building/SM_building_column_01.ubulk" 1649
"C:/Users/raywe/Documents/JamesWen_HelloXRWorld/LassoSwinger/LassoFP/Content/Stylized_Egypt/Meshes/building/SM_building_column_01.uasset" 1650
"C:/Users/raywe/Documents/JamesWen_HelloXRWorld/LassoSwinger/LassoFP/Content/Stylized_Egypt/Meshes/building/SM_building_column_01.uexp" 1651
"C:/Users/raywe/Documents/JamesWen_HelloXRWorld/LassoSwinger/LassoFP/Content/Stylized_Egypt/Materials/building_materials/base_materials/MI_concrete_paint_02_Inst.uasset" 1652
"C:/Users/raywe/Documents/JamesWen_HelloXRWorld/LassoSwinger/LassoFP/Content/Stylized_Egypt/Materials/building_materials/base_materials/MI_concrete_paint_02_Inst.uexp" 1653
"C:/Users/raywe/Documents/JamesWen_HelloXRWorld/LassoSwinger/LassoFP/Content/Stylized_Egypt/Meshes/building/SM_entry_pyramid_02.ubulk" 1654
"C:/Users/raywe/Documents/JamesWen_HelloXRWorld/LassoSwinger/LassoFP/Content/Stylized_Egypt/Meshes/building/SM_entry_pyramid_02.uasset" 1655
"C:/Users/raywe/Documents/JamesWen_HelloXRWorld/LassoSwinger/LassoFP/Content/Stylized_Egypt/Meshes/building/SM_entry_pyramid_02.uexp" 1656
"../../../Engine/Content/Functions/Engine_MaterialFunctions01/WorldPositionOffset/SimpleGrassWind.uasset" 1657
"../../../Engine/Content/Functions/Engine_MaterialFunctions01/WorldPositionOffset/SimpleGrassWind.uexp" 1658
"../../../Engine/Content/Functions/Engine_MaterialFunctions02/WorldPositionOffset/ObjectPivotPoint.uasset" 1659
"../../../Engine/Content/Functions/Engine_MaterialFunctions02/WorldPositionOffset/ObjectPivotPoint.uexp" 1660
"C:/Users/raywe/Documents/JamesWen_HelloXRWorld/LassoSwinger/LassoFP/Content/Stylized_Egypt/Textures/plants_textures/T_plants_BaseColor.ubulk" 1661
"C:/Users/raywe/Documents/JamesWen_HelloXRWorld/LassoSwinger/LassoFP/Content/Stylized_Egypt/Textures/plants_textures/T_plants_BaseColor.uasset" 1662
"C:/Users/raywe/Documents/JamesWen_HelloXRWorld/LassoSwinger/LassoFP/Content/Stylized_Egypt/Textures/plants_textures/T_plants_BaseColor.uexp" 1663
"C:/Users/raywe/Documents/JamesWen_HelloXRWorld/LassoSwinger/LassoFP/Content/Stylized_Egypt/Textures/plants_textures/T_plants_Normal.ubulk" 1664
"C:/Users/raywe/Documents/JamesWen_HelloXRWorld/LassoSwinger/LassoFP/Content/Stylized_Egypt/Textures/plants_textures/T_plants_Normal.uasset" 1665
"C:/Users/raywe/Documents/JamesWen_HelloXRWorld/LassoSwinger/LassoFP/Content/Stylized_Egypt/Textures/plants_textures/T_plants_Normal.uexp" 1666
"C:/Users/raywe/Documents/JamesWen_HelloXRWorld/LassoSwinger/LassoFP/Content/Stylized_Egypt/Textures/plants_textures/T_plants_Mask.ubulk" 1667
"C:/Users/raywe/Documents/JamesWen_HelloXRWorld/LassoSwinger/LassoFP/Content/Stylized_Egypt/Textures/plants_textures/T_plants_Mask.uasset" 1668
"C:/Users/raywe/Documents/JamesWen_HelloXRWorld/LassoSwinger/LassoFP/Content/Stylized_Egypt/Textures/plants_textures/T_plants_Mask.uexp" 1669
"C:/Users/raywe/Documents/JamesWen_HelloXRWorld/LassoSwinger/LassoFP/Content/Stylized_Egypt/Materials/plants_materials/M_plants.uasset" 1670
"C:/Users/raywe/Documents/JamesWen_HelloXRWorld/LassoSwinger/LassoFP/Content/Stylized_Egypt/Materials/plants_materials/M_plants.uexp" 1671
"C:/Users/raywe/Documents/JamesWen_HelloXRWorld/LassoSwinger/LassoFP/Content/Stylized_Egypt/Materials/plants_materials/MI_plants_01_Inst.uasset" 1672
"C:/Users/raywe/Documents/JamesWen_HelloXRWorld/LassoSwinger/LassoFP/Content/Stylized_Egypt/Materials/plants_materials/MI_plants_01_Inst.uexp" 1673
"C:/Users/raywe/Documents/JamesWen_HelloXRWorld/LassoSwinger/LassoFP/Content/Stylized_Egypt/Meshes/plants/SM_bush_01.ubulk" 1674
"C:/Users/raywe/Documents/JamesWen_HelloXRWorld/LassoSwinger/LassoFP/Content/Stylized_Egypt/Meshes/plants/SM_bush_01.uasset" 1675
"C:/Users/raywe/Documents/JamesWen_HelloXRWorld/LassoSwinger/LassoFP/Content/Stylized_Egypt/Meshes/plants/SM_bush_01.uexp" 1676
"C:/Users/raywe/Documents/JamesWen_HelloXRWorld/LassoSwinger/LassoFP/Content/Fab/Ancient_Egyptian_Mummy_Scan/ancient_egyptian_mummy_scan/StaticMeshes/ancient_egyptian_mummy_scan.ubulk" 1677
"C:/Users/raywe/Documents/JamesWen_HelloXRWorld/LassoSwinger/LassoFP/Content/Fab/Ancient_Egyptian_Mummy_Scan/ancient_egyptian_mummy_scan/StaticMeshes/ancient_egyptian_mummy_scan.uasset" 1678
"C:/Users/raywe/Documents/JamesWen_HelloXRWorld/LassoSwinger/LassoFP/Content/Fab/Ancient_Egyptian_Mummy_Scan/ancient_egyptian_mummy_scan/StaticMeshes/ancient_egyptian_mummy_scan.uexp" 1679
"C:/Users/raywe/Documents/JamesWen_HelloXRWorld/LassoSwinger/LassoFP/Content/Fab/Megascans/3D/Desert_Western_Formation_Layered_XL_05_vjqiaa2qx/Medium/vjqiaa2qx_tier_2/Textures/T_vjqiaa2qx_2K_B.ubulk" 1680
"C:/Users/raywe/Documents/JamesWen_HelloXRWorld/LassoSwinger/LassoFP/Content/Fab/Megascans/3D/Desert_Western_Formation_Layered_XL_05_vjqiaa2qx/Medium/vjqiaa2qx_tier_2/Textures/T_vjqiaa2qx_2K_B.uasset" 1681
"C:/Users/raywe/Documents/JamesWen_HelloXRWorld/LassoSwinger/LassoFP/Content/Fab/Megascans/3D/Desert_Western_Formation_Layered_XL_05_vjqiaa2qx/Medium/vjqiaa2qx_tier_2/Textures/T_vjqiaa2qx_2K_B.uexp" 1682
"C:/Users/raywe/Documents/JamesWen_HelloXRWorld/LassoSwinger/LassoFP/Content/Fab/Megascans/3D/Desert_Western_Formation_Layered_XL_05_vjqiaa2qx/Medium/vjqiaa2qx_tier_2/Textures/T_vjqiaa2qx_2K_N.ubulk" 1683
"C:/Users/raywe/Documents/JamesWen_HelloXRWorld/LassoSwinger/LassoFP/Content/Fab/Megascans/3D/Desert_Western_Formation_Layered_XL_05_vjqiaa2qx/Medium/vjqiaa2qx_tier_2/Textures/T_vjqiaa2qx_2K_N.uasset" 1684
"C:/Users/raywe/Documents/JamesWen_HelloXRWorld/LassoSwinger/LassoFP/Content/Fab/Megascans/3D/Desert_Western_Formation_Layered_XL_05_vjqiaa2qx/Medium/vjqiaa2qx_tier_2/Textures/T_vjqiaa2qx_2K_N.uexp" 1685
"C:/Users/raywe/Documents/JamesWen_HelloXRWorld/LassoSwinger/LassoFP/Content/Fab/Megascans/3D/Desert_Western_Formation_Layered_XL_05_vjqiaa2qx/Medium/vjqiaa2qx_tier_2/Textures/T_vjqiaa2qx_2K_ORM.ubulk" 1686
"C:/Users/raywe/Documents/JamesWen_HelloXRWorld/LassoSwinger/LassoFP/Content/Fab/Megascans/3D/Desert_Western_Formation_Layered_XL_05_vjqiaa2qx/Medium/vjqiaa2qx_tier_2/Textures/T_vjqiaa2qx_2K_ORM.uasset" 1687
"C:/Users/raywe/Documents/JamesWen_HelloXRWorld/LassoSwinger/LassoFP/Content/Fab/Megascans/3D/Desert_Western_Formation_Layered_XL_05_vjqiaa2qx/Medium/vjqiaa2qx_tier_2/Textures/T_vjqiaa2qx_2K_ORM.uexp" 1688
"C:/Users/raywe/Documents/JamesWen_HelloXRWorld/LassoSwinger/LassoFP/Content/Fab/Megascans/3D/Desert_Western_Formation_Layered_XL_05_vjqiaa2qx/Medium/vjqiaa2qx_tier_2/Materials/MI_vjqiaa2qx.uasset" 1689
"C:/Users/raywe/Documents/JamesWen_HelloXRWorld/LassoSwinger/LassoFP/Content/Fab/Megascans/3D/Desert_Western_Formation_Layered_XL_05_vjqiaa2qx/Medium/vjqiaa2qx_tier_2/Materials/MI_vjqiaa2qx.uexp" 1690
"C:/Users/raywe/Documents/JamesWen_HelloXRWorld/LassoSwinger/LassoFP/Content/Fab/Megascans/3D/Desert_Western_Formation_Layered_XL_05_vjqiaa2qx/Medium/vjqiaa2qx_tier_2/StaticMeshes/vjqiaa2qx_tier_2.ubulk" 1691
"C:/Users/raywe/Documents/JamesWen_HelloXRWorld/LassoSwinger/LassoFP/Content/Fab/Megascans/3D/Desert_Western_Formation_Layered_XL_05_vjqiaa2qx/Medium/vjqiaa2qx_tier_2/StaticMeshes/vjqiaa2qx_tier_2.uasset" 1692
"C:/Users/raywe/Documents/JamesWen_HelloXRWorld/LassoSwinger/LassoFP/Content/Fab/Megascans/3D/Desert_Western_Formation_Layered_XL_05_vjqiaa2qx/Medium/vjqiaa2qx_tier_2/StaticMeshes/vjqiaa2qx_tier_2.uexp" 1693
"C:/Users/raywe/Documents/JamesWen_HelloXRWorld/LassoSwinger/LassoFP/Content/Fab/Megascans/Surfaces/Dry_Sand_xfhsfao/Medium/xfhsfao_tier_2/Textures/T_xfhsfao_2K_B.ubulk" 1694
"C:/Users/raywe/Documents/JamesWen_HelloXRWorld/LassoSwinger/LassoFP/Content/Fab/Megascans/Surfaces/Dry_Sand_xfhsfao/Medium/xfhsfao_tier_2/Textures/T_xfhsfao_2K_B.uasset" 1695
"C:/Users/raywe/Documents/JamesWen_HelloXRWorld/LassoSwinger/LassoFP/Content/Fab/Megascans/Surfaces/Dry_Sand_xfhsfao/Medium/xfhsfao_tier_2/Textures/T_xfhsfao_2K_B.uexp" 1696
"C:/Users/raywe/Documents/JamesWen_HelloXRWorld/LassoSwinger/LassoFP/Content/Fab/Megascans/Surfaces/Dry_Sand_xfhsfao/Medium/xfhsfao_tier_2/Textures/T_xfhsfao_2K_N.ubulk" 1697
"C:/Users/raywe/Documents/JamesWen_HelloXRWorld/LassoSwinger/LassoFP/Content/Fab/Megascans/Surfaces/Dry_Sand_xfhsfao/Medium/xfhsfao_tier_2/Textures/T_xfhsfao_2K_N.uasset" 1698
"C:/Users/raywe/Documents/JamesWen_HelloXRWorld/LassoSwinger/LassoFP/Content/Fab/Megascans/Surfaces/Dry_Sand_xfhsfao/Medium/xfhsfao_tier_2/Textures/T_xfhsfao_2K_N.uexp" 1699
"C:/Users/raywe/Documents/JamesWen_HelloXRWorld/LassoSwinger/LassoFP/Content/Fab/Megascans/Surfaces/Dry_Sand_xfhsfao/Medium/xfhsfao_tier_2/Textures/T_xfhsfao_2K_ORM.ubulk" 1700
"C:/Users/raywe/Documents/JamesWen_HelloXRWorld/LassoSwinger/LassoFP/Content/Fab/Megascans/Surfaces/Dry_Sand_xfhsfao/Medium/xfhsfao_tier_2/Textures/T_xfhsfao_2K_ORM.uasset" 1701
"C:/Users/raywe/Documents/JamesWen_HelloXRWorld/LassoSwinger/LassoFP/Content/Fab/Megascans/Surfaces/Dry_Sand_xfhsfao/Medium/xfhsfao_tier_2/Textures/T_xfhsfao_2K_ORM.uexp" 1702
"C:/Users/raywe/Documents/JamesWen_HelloXRWorld/LassoSwinger/LassoFP/Content/Fab/Megascans/Surfaces/Dry_Sand_xfhsfao/Medium/xfhsfao_tier_2/Materials/MI_xfhsfao.uasset" 1703
"C:/Users/raywe/Documents/JamesWen_HelloXRWorld/LassoSwinger/LassoFP/Content/Fab/Megascans/Surfaces/Dry_Sand_xfhsfao/Medium/xfhsfao_tier_2/Materials/MI_xfhsfao.uexp" 1704
"C:/Users/raywe/Documents/JamesWen_HelloXRWorld/LassoSwinger/LassoFP/Content/Maps/L_VfxPrototyping.uexp" 1705
"C:/Users/raywe/Documents/JamesWen_HelloXRWorld/LassoSwinger/LassoFP/Content/Maps/L_VfxPrototyping.umap" 1706
"../../../Engine/Content/Maps/Entry_BuiltData.uasset" 1707
"../../../Engine/Content/Maps/Entry_BuiltData.uexp" 1708
"../../../Engine/Content/Maps/Entry.uexp" 1709
"../../../Engine/Content/Maps/Entry.umap" 1710
"C:/Users/raywe/Documents/JamesWen_HelloXRWorld/LassoSwinger/LassoFP/Content/Input/IMC_Default.uasset" 1711
"C:/Users/raywe/Documents/JamesWen_HelloXRWorld/LassoSwinger/LassoFP/Content/Input/IMC_Default.uexp" 1712
"C:/Users/raywe/Documents/JamesWen_HelloXRWorld/LassoSwinger/LassoFP/Content/Input/Actions/IA_LassoSwing.uasset" 1713
"C:/Users/raywe/Documents/JamesWen_HelloXRWorld/LassoSwinger/LassoFP/Content/Input/Actions/IA_LassoSwing.uexp" 1714
"C:/Users/raywe/Documents/JamesWen_HelloXRWorld/LassoSwinger/LassoFP/Content/Input/IMC_MouseLook.uasset" 1715
"C:/Users/raywe/Documents/JamesWen_HelloXRWorld/LassoSwinger/LassoFP/Content/Input/IMC_MouseLook.uexp" 1716
"C:/Users/raywe/Documents/JamesWen_HelloXRWorld/LassoSwinger/LassoFP/Content/FirstPerson/Blueprints/BP_FirstPersonCameraManager.uasset" 1717
"C:/Users/raywe/Documents/JamesWen_HelloXRWorld/LassoSwinger/LassoFP/Content/FirstPerson/Blueprints/BP_FirstPersonCameraManager.uexp" 1718
"C:/Users/raywe/Documents/JamesWen_HelloXRWorld/LassoSwinger/LassoFP/Content/FirstPerson/Blueprints/BP_FirstPersonPlayerController.uasset" 1719
"C:/Users/raywe/Documents/JamesWen_HelloXRWorld/LassoSwinger/LassoFP/Content/FirstPerson/Blueprints/BP_FirstPersonPlayerController.uexp" 1720
"C:/Users/raywe/Documents/JamesWen_HelloXRWorld/LassoSwinger/LassoFP/Content/FirstPerson/Blueprints/BP_FirstPersonGameMode.uasset" 1721
"C:/Users/raywe/Documents/JamesWen_HelloXRWorld/LassoSwinger/LassoFP/Content/FirstPerson/Blueprints/BP_FirstPersonGameMode.uexp" 1722
"C:/Users/raywe/Documents/JamesWen_HelloXRWorld/LassoSwinger/LassoFP/Content/FirstPerson/Lvl_FirstPerson.uexp" 1723
"C:/Users/raywe/Documents/JamesWen_HelloXRWorld/LassoSwinger/LassoFP/Content/FirstPerson/Lvl_FirstPerson.umap" 1724
